Using pre-set license
Built from '2022.3/staging' branch; Version is '2022.3.49f1 (4dae1bb8668d) revision 5090843'; Using compiler version '192829333'; Build Type 'Release'
OS: 'Windows 10  (10.0.19045) 64bit CoreSingleLanguage' Language: 'ru' Physical Memory: 20394 MB
BatchMode: 1, IsHumanControllingUs: 0, StartBugReporterOnCrash: 0, Is64bit: 1, IsPro: 1

COMMAND LINE ARGUMENTS:
C:\Program Files\Unity\Hub\Editor\2022.3.49f1\Editor\Unity.exe
-adb2
-batchMode
-noUpm
-name
AssetImportWorker0
-projectPath
C:/Users/USer/My project
-logFile
Logs/AssetImportWorker0.log
-srvPort
13329
Successfully changed project path to: C:/Users/USer/My project
C:/Users/USer/My project
[UnityMemory] Configuration Parameters - Can be set up in boot.config
    "memorysetup-bucket-allocator-granularity=16"
    "memorysetup-bucket-allocator-bucket-count=8"
    "memorysetup-bucket-allocator-block-size=33554432"
    "memorysetup-bucket-allocator-block-count=8"
    "memorysetup-main-allocator-block-size=16777216"
    "memorysetup-thread-allocator-block-size=16777216"
    "memorysetup-gfx-main-allocator-block-size=16777216"
    "memorysetup-gfx-thread-allocator-block-size=16777216"
    "memorysetup-cache-allocator-block-size=4194304"
    "memorysetup-typetree-allocator-block-size=2097152"
    "memorysetup-profiler-bucket-allocator-granularity=16"
    "memorysetup-profiler-bucket-allocator-bucket-count=8"
    "memorysetup-profiler-bucket-allocator-block-size=33554432"
    "memorysetup-profiler-bucket-allocator-block-count=8"
    "memorysetup-profiler-allocator-block-size=16777216"
    "memorysetup-profiler-editor-allocator-block-size=1048576"
    "memorysetup-temp-allocator-size-main=16777216"
    "memorysetup-job-temp-allocator-block-size=2097152"
    "memorysetup-job-temp-allocator-block-size-background=1048576"
    "memorysetup-job-temp-allocator-reduction-small-platforms=262144"
    "memorysetup-allocator-temp-initial-block-size-main=262144"
    "memorysetup-allocator-temp-initial-block-size-worker=262144"
    "memorysetup-temp-allocator-size-background-worker=32768"
    "memorysetup-temp-allocator-size-job-worker=262144"
    "memorysetup-temp-allocator-size-preload-manager=33554432"
    "memorysetup-temp-allocator-size-nav-mesh-worker=65536"
    "memorysetup-temp-allocator-size-audio-worker=65536"
    "memorysetup-temp-allocator-size-cloud-worker=32768"
    "memorysetup-temp-allocator-size-gi-baking-worker=262144"
    "memorysetup-temp-allocator-size-gfx=262144"
Player connection [15044]  Target information:

Player connection [15044]  * "[IP] 192.168.0.106 [Port] 0 [Flags] 2 [Guid] 3426761235 [EditorId] 3426761235 [Version] 1048832 [Id] WindowsEditor(7,LAPTOP-1S99RUB5) [Debug] 1 [PackageName] WindowsEditor [ProjectName] Editor" 

Player connection [15044]  * "[IP] 192.168.0.101 [Port] 0 [Flags] 2 [Guid] 3426761235 [EditorId] 3426761235 [Version] 1048832 [Id] WindowsEditor(7,LAPTOP-1S99RUB5) [Debug] 1 [PackageName] WindowsEditor [ProjectName] Editor" 

Player connection [15044] Host joined multi-casting on [225.0.0.222:54997]...
Player connection [15044] Host joined alternative multi-casting on [225.0.0.222:34997]...
[PhysX] Initialized MultithreadedTaskDispatcher with 8 workers.
Refreshing native plugins compatible for Editor in 20.78 ms, found 4 plugins.
Preloading 0 native plugins for Editor in 0.00 ms.
Initialize engine version: 2022.3.49f1 (4dae1bb8668d)
[Subsystems] Discovering subsystems at path C:/Program Files/Unity/Hub/Editor/2022.3.49f1/Editor/Data/Resources/UnitySubsystems
[Subsystems] Discovering subsystems at path C:/Users/USer/My project/Assets
GfxDevice: creating device client; threaded=0; jobified=0
Direct3D:
    Version:  Direct3D 11.0 [level 11.1]
    Renderer: NVIDIA GeForce GTX 1050 (ID=0x1c8d)
    Vendor:   NVIDIA
    VRAM:     1977 MB
    Driver:   27.21.14.5709
Initialize mono
Mono path[0] = 'C:/Program Files/Unity/Hub/Editor/2022.3.49f1/Editor/Data/Managed'
Mono path[1] = 'C:/Program Files/Unity/Hub/Editor/2022.3.49f1/Editor/Data/MonoBleedingEdge/lib/mono/unityjit-win32'
Mono config path = 'C:/Program Files/Unity/Hub/Editor/2022.3.49f1/Editor/Data/MonoBleedingEdge/etc'
Using monoOptions --debugger-agent=transport=dt_socket,embedding=1,server=y,suspend=n,address=127.0.0.1:56640
Begin MonoManager ReloadAssembly
Registering precompiled unity dll's ...
Register platform support module: C:/Program Files/Unity/Hub/Editor/2022.3.49f1/Editor/Data/PlaybackEngines/WebGLSupport/UnityEditor.WebGL.Extensions.dll
Register platform support module: C:/Program Files/Unity/Hub/Editor/2022.3.49f1/Editor/Data/PlaybackEngines/WindowsStandaloneSupport/UnityEditor.WindowsStandalone.Extensions.dll
Registered in 0.015178 seconds.
- Loaded All Assemblies, in  0.584 seconds
Native extension for WindowsStandalone target not found
Native extension for WebGL target not found
Mono: successfully reloaded assembly
- Finished resetting the current domain, in  0.395 seconds
Domain Reload Profiling: 977ms
	BeginReloadAssembly (181ms)
		ExecutionOrderSort (0ms)
		DisableScriptedObjects (0ms)
		BackupInstance (0ms)
		ReleaseScriptingObjects (0ms)
		CreateAndSetChildDomain (1ms)
	RebuildCommonClasses (55ms)
	RebuildNativeTypeToScriptingClass (17ms)
	initialDomainReloadingComplete (88ms)
	LoadAllAssembliesAndSetupDomain (240ms)
		LoadAssemblies (179ms)
		RebuildTransferFunctionScriptingTraits (0ms)
		AnalyzeDomain (237ms)
			TypeCache.Refresh (234ms)
				TypeCache.ScanAssembly (212ms)
			ScanForSourceGeneratedMonoScriptInfo (1ms)
			ResolveRequiredComponents (1ms)
	FinalizeReload (396ms)
		ReleaseScriptCaches (0ms)
		RebuildScriptCaches (0ms)
		SetupLoadedEditorAssemblies (328ms)
			LogAssemblyErrors (0ms)
			InitializePlatformSupportModulesInManaged (16ms)
			SetLoadedEditorAssemblies (8ms)
			RefreshPlugins (0ms)
			BeforeProcessingInitializeOnLoad (4ms)
			ProcessInitializeOnLoadAttributes (228ms)
			ProcessInitializeOnLoadMethodAttributes (72ms)
			AfterProcessingInitializeOnLoad (0ms)
			EditorAssembliesLoaded (0ms)
		ExecutionOrderSort2 (0ms)
		AwakeInstancesAfterBackupRestoration (0ms)
========================================================================
Worker process is ready to serve import requests
Caller must complete domain reload
Begin MonoManager ReloadAssembly
- Loaded All Assemblies, in  1.248 seconds
Native extension for WindowsStandalone target not found
Native extension for WebGL target not found
Mono: successfully reloaded assembly
- Finished resetting the current domain, in  1.179 seconds
Domain Reload Profiling: 2421ms
	BeginReloadAssembly (225ms)
		ExecutionOrderSort (0ms)
		DisableScriptedObjects (9ms)
		BackupInstance (0ms)
		ReleaseScriptingObjects (0ms)
		CreateAndSetChildDomain (30ms)
	RebuildCommonClasses (47ms)
	RebuildNativeTypeToScriptingClass (14ms)
	initialDomainReloadingComplete (63ms)
	LoadAllAssembliesAndSetupDomain (892ms)
		LoadAssemblies (594ms)
		RebuildTransferFunctionScriptingTraits (0ms)
		AnalyzeDomain (434ms)
			TypeCache.Refresh (368ms)
				TypeCache.ScanAssembly (341ms)
			ScanForSourceGeneratedMonoScriptInfo (46ms)
			ResolveRequiredComponents (18ms)
	FinalizeReload (1180ms)
		ReleaseScriptCaches (0ms)
		RebuildScriptCaches (0ms)
		SetupLoadedEditorAssemblies (925ms)
			LogAssemblyErrors (0ms)
			InitializePlatformSupportModulesInManaged (12ms)
			SetLoadedEditorAssemblies (5ms)
			RefreshPlugins (0ms)
			BeforeProcessingInitializeOnLoad (144ms)
			ProcessInitializeOnLoadAttributes (615ms)
			ProcessInitializeOnLoadMethodAttributes (135ms)
			AfterProcessingInitializeOnLoad (12ms)
			EditorAssembliesLoaded (0ms)
		ExecutionOrderSort2 (0ms)
		AwakeInstancesAfterBackupRestoration (13ms)
Launched and connected shader compiler UnityShaderCompiler.exe after 0.07 seconds
Refreshing native plugins compatible for Editor in 6.39 ms, found 4 plugins.
Preloading 0 native plugins for Editor in 0.00 ms.
Unloading 5888 Unused Serialized files (Serialized files now loaded: 0)
Unloading 49 unused Assets / (2.4 MB). Loaded Objects now: 6371.
Memory consumption went from 239.9 MB to 237.5 MB.
Total: 7.265500 ms (FindLiveObjects: 0.567400 ms CreateObjectMapping: 0.578500 ms MarkObjects: 5.257800 ms  DeleteObjects: 0.860400 ms)

AssetImportParameters requested are different than current active one (requested -> active):
  custom:container-demuxer-ogg: 62fdf1f143b41e24485cea50d1cbac27 -> 
  custom:video-codec-MediaFoundation-h265: 746d11721c4dcdbdad8f713fa42b33f4 -> 
  custom:video-decoder-ogg-theora: a1e56fd34408186e4bbccfd4996cb3dc -> 
  custom:framework-win-MediaFoundation: 216162199b28c13a410421893ffa2e32 -> 
  custom:CustomObjectIndexerAttribute: 3ead1caaecf1c488f20bcfeb224b6af5 -> 
  custom:container-demuxer-webm: 4f35f7cbe854078d1ac9338744f61a02 -> 
  custom:container-muxer-webm: aa71ff27fc2769a1b78a27578f13a17b -> 
  custom:video-decoder-webm-vp8: 9c59270c3fd7afecdb556c50c9e8de78 -> 
  custom:SearchIndexIgnoredProperties: e643bd26f0fe6173181afceb89e7c659 -> 
  custom:AudioImporter_EditorPlatform: d09bf68614088b80899f8185d706f6e7 -> 
  custom:video-encoder-webm-vp8: eb34c28f22e8b96e1ab97ce403110664 -> 
  custom:audio-decoder-ogg-vorbis: bf7c407c2cedff20999df2af8eb42d56 -> 
  custom:audio-encoder-webm-vorbis: bf7c407c2cedff20999df2af8eb42d56 -> 
========================================================================
Received Import Request.
  Time since last request: 595992.139927 seconds.
  path: Assets/school/Prefabs/props/wall4 (2).prefab
  artifactKey: Guid(4af663313fdc5d04889a6710948329c3) Importer(815301076,1909f56bfc062723c751e8b465ee728b)
Start importing Assets/school/Prefabs/props/wall4 (2).prefab using Guid(4af663313fdc5d04889a6710948329c3) Importer(815301076,1909f56bfc062723c751e8b465ee728b) [PhysX] Initialized MultithreadedTaskDispatcher with 8 workers.
[PhysX] Initialized MultithreadedTaskDispatcher with 8 workers.
 -> (artifact id: '39dd8995f20fd171678a94dd8a920e95') in 0.124324 seconds
Number of updated asset objects reloaded before import = 0
Number of asset objects unloaded after import = 34
========================================================================
Received Import Request.
  Time since last request: 3.156286 seconds.
  path: Assets/school/Prefabs/props/wall4 (2).prefab
  artifactKey: Guid(4af663313fdc5d04889a6710948329c3) Importer(815301076,1909f56bfc062723c751e8b465ee728b)
Start importing Assets/school/Prefabs/props/wall4 (2).prefab using Guid(4af663313fdc5d04889a6710948329c3) Importer(815301076,1909f56bfc062723c751e8b465ee728b) [PhysX] Initialized MultithreadedTaskDispatcher with 8 workers.
[PhysX] Initialized MultithreadedTaskDispatcher with 8 workers.
 -> (artifact id: '63be957953883d61974c4119f4720531') in 0.017433 seconds
Number of updated asset objects reloaded before import = 0
Number of asset objects unloaded after import = 34
========================================================================
Received Import Request.
  Time since last request: 2.189382 seconds.
  path: Assets/school/Prefabs/props/wall4 (2).prefab
  artifactKey: Guid(4af663313fdc5d04889a6710948329c3) Importer(815301076,1909f56bfc062723c751e8b465ee728b)
Start importing Assets/school/Prefabs/props/wall4 (2).prefab using Guid(4af663313fdc5d04889a6710948329c3) Importer(815301076,1909f56bfc062723c751e8b465ee728b) [PhysX] Initialized MultithreadedTaskDispatcher with 8 workers.
[PhysX] Initialized MultithreadedTaskDispatcher with 8 workers.
 -> (artifact id: '34d49d0c8547e04ce7e90d0379c5642c') in 0.016941 seconds
Number of updated asset objects reloaded before import = 0
Number of asset objects unloaded after import = 39
========================================================================
Received Import Request.
  Time since last request: 5.164826 seconds.
  path: Assets/school/Prefabs/props/wall4 (2).prefab
  artifactKey: Guid(4af663313fdc5d04889a6710948329c3) Importer(815301076,1909f56bfc062723c751e8b465ee728b)
Start importing Assets/school/Prefabs/props/wall4 (2).prefab using Guid(4af663313fdc5d04889a6710948329c3) Importer(815301076,1909f56bfc062723c751e8b465ee728b) [PhysX] Initialized MultithreadedTaskDispatcher with 8 workers.
[PhysX] Initialized MultithreadedTaskDispatcher with 8 workers.
 -> (artifact id: '35c08215ae392ba901bc9f9cb699de8d') in 0.009846 seconds
Number of updated asset objects reloaded before import = 0
Number of asset objects unloaded after import = 39
========================================================================
Received Import Request.
  Time since last request: 3.693548 seconds.
  path: Assets/school/Prefabs/props/wall4 (2).prefab
  artifactKey: Guid(4af663313fdc5d04889a6710948329c3) Importer(815301076,1909f56bfc062723c751e8b465ee728b)
Start importing Assets/school/Prefabs/props/wall4 (2).prefab using Guid(4af663313fdc5d04889a6710948329c3) Importer(815301076,1909f56bfc062723c751e8b465ee728b) [PhysX] Initialized MultithreadedTaskDispatcher with 8 workers.
[PhysX] Initialized MultithreadedTaskDispatcher with 8 workers.
 -> (artifact id: '15c529baba379cc27ac99bf26e14b99e') in 0.016512 seconds
Number of updated asset objects reloaded before import = 0
Number of asset objects unloaded after import = 39
========================================================================
Received Import Request.
  Time since last request: 2.659787 seconds.
  path: Assets/school/Prefabs/props/wall4 (2).prefab
  artifactKey: Guid(4af663313fdc5d04889a6710948329c3) Importer(815301076,1909f56bfc062723c751e8b465ee728b)
Start importing Assets/school/Prefabs/props/wall4 (2).prefab using Guid(4af663313fdc5d04889a6710948329c3) Importer(815301076,1909f56bfc062723c751e8b465ee728b) [PhysX] Initialized MultithreadedTaskDispatcher with 8 workers.
[PhysX] Initialized MultithreadedTaskDispatcher with 8 workers.
 -> (artifact id: 'faffae12d51d3c7c0463b661b9937d6a') in 0.011849 seconds
Number of updated asset objects reloaded before import = 0
Number of asset objects unloaded after import = 39
========================================================================
Received Import Request.
  Time since last request: 5.978451 seconds.
  path: Assets/school/Prefabs/props/wall4 (2).prefab
  artifactKey: Guid(4af663313fdc5d04889a6710948329c3) Importer(815301076,1909f56bfc062723c751e8b465ee728b)
Start importing Assets/school/Prefabs/props/wall4 (2).prefab using Guid(4af663313fdc5d04889a6710948329c3) Importer(815301076,1909f56bfc062723c751e8b465ee728b) [PhysX] Initialized MultithreadedTaskDispatcher with 8 workers.
[PhysX] Initialized MultithreadedTaskDispatcher with 8 workers.
 -> (artifact id: 'c34817fd89d8aa54c4bcf533912dc543') in 0.017312 seconds
Number of updated asset objects reloaded before import = 0
Number of asset objects unloaded after import = 39
========================================================================
Received Import Request.
  Time since last request: 3.848107 seconds.
  path: Assets/school/Prefabs/props/wall4 (2).prefab
  artifactKey: Guid(4af663313fdc5d04889a6710948329c3) Importer(815301076,1909f56bfc062723c751e8b465ee728b)
Start importing Assets/school/Prefabs/props/wall4 (2).prefab using Guid(4af663313fdc5d04889a6710948329c3) Importer(815301076,1909f56bfc062723c751e8b465ee728b) [PhysX] Initialized MultithreadedTaskDispatcher with 8 workers.
[PhysX] Initialized MultithreadedTaskDispatcher with 8 workers.
 -> (artifact id: 'f16937fec2f34262059c8bf8bffd5f0a') in 0.010535 seconds
Number of updated asset objects reloaded before import = 0
Number of asset objects unloaded after import = 39
========================================================================
Received Import Request.
  Time since last request: 15.030200 seconds.
  path: Assets/school/Prefabs/props/wall4 (2).prefab
  artifactKey: Guid(4af663313fdc5d04889a6710948329c3) Importer(815301076,1909f56bfc062723c751e8b465ee728b)
Start importing Assets/school/Prefabs/props/wall4 (2).prefab using Guid(4af663313fdc5d04889a6710948329c3) Importer(815301076,1909f56bfc062723c751e8b465ee728b) [PhysX] Initialized MultithreadedTaskDispatcher with 8 workers.
[PhysX] Initialized MultithreadedTaskDispatcher with 8 workers.
 -> (artifact id: 'd15aea6d3d866ffb78831a802ba0f40f') in 0.017235 seconds
Number of updated asset objects reloaded before import = 0
Number of asset objects unloaded after import = 39
========================================================================
Received Import Request.
  Time since last request: 6.957852 seconds.
  path: Assets/school/Prefabs/props/wall4 (2).prefab
  artifactKey: Guid(4af663313fdc5d04889a6710948329c3) Importer(815301076,1909f56bfc062723c751e8b465ee728b)
Start importing Assets/school/Prefabs/props/wall4 (2).prefab using Guid(4af663313fdc5d04889a6710948329c3) Importer(815301076,1909f56bfc062723c751e8b465ee728b) [PhysX] Initialized MultithreadedTaskDispatcher with 8 workers.
[PhysX] Initialized MultithreadedTaskDispatcher with 8 workers.
 -> (artifact id: '069187ba5e323c353fc29d2c02e487ac') in 0.016288 seconds
Number of updated asset objects reloaded before import = 0
Number of asset objects unloaded after import = 39
========================================================================
Received Import Request.
  Time since last request: 3.487885 seconds.
  path: Assets/school/Prefabs/props/wall4 (2).prefab
  artifactKey: Guid(4af663313fdc5d04889a6710948329c3) Importer(815301076,1909f56bfc062723c751e8b465ee728b)
Start importing Assets/school/Prefabs/props/wall4 (2).prefab using Guid(4af663313fdc5d04889a6710948329c3) Importer(815301076,1909f56bfc062723c751e8b465ee728b) [PhysX] Initialized MultithreadedTaskDispatcher with 8 workers.
[PhysX] Initialized MultithreadedTaskDispatcher with 8 workers.
 -> (artifact id: '9ce41f97f942114417bdeae4a5efd053') in 0.021059 seconds
Number of updated asset objects reloaded before import = 0
Number of asset objects unloaded after import = 39
========================================================================
Received Import Request.
  Time since last request: 108.415170 seconds.
  path: Assets/school/Prefabs/props/wall4 (1).prefab
  artifactKey: Guid(288b229db858c114299d1bf70ffc95cd) Importer(815301076,1909f56bfc062723c751e8b465ee728b)
Start importing Assets/school/Prefabs/props/wall4 (1).prefab using Guid(288b229db858c114299d1bf70ffc95cd) Importer(815301076,1909f56bfc062723c751e8b465ee728b) [PhysX] Initialized MultithreadedTaskDispatcher with 8 workers.
[PhysX] Initialized MultithreadedTaskDispatcher with 8 workers.
 -> (artifact id: '2eb3d561eb1230a559f5198357a13853') in 0.017805 seconds
Number of updated asset objects reloaded before import = 0
Number of asset objects unloaded after import = 29
========================================================================
Received Import Request.
  Time since last request: 4.525802 seconds.
  path: Assets/school/Prefabs/props/wall4 (1).prefab
  artifactKey: Guid(288b229db858c114299d1bf70ffc95cd) Importer(815301076,1909f56bfc062723c751e8b465ee728b)
Start importing Assets/school/Prefabs/props/wall4 (1).prefab using Guid(288b229db858c114299d1bf70ffc95cd) Importer(815301076,1909f56bfc062723c751e8b465ee728b) [PhysX] Initialized MultithreadedTaskDispatcher with 8 workers.
[PhysX] Initialized MultithreadedTaskDispatcher with 8 workers.
 -> (artifact id: '8bdda9bfb9d2eb25eb5c4bf9995c994a') in 0.016559 seconds
Number of updated asset objects reloaded before import = 0
Number of asset objects unloaded after import = 29
========================================================================
Received Import Request.
  Time since last request: 3.261576 seconds.
  path: Assets/school/Prefabs/props/wall4 (1).prefab
  artifactKey: Guid(288b229db858c114299d1bf70ffc95cd) Importer(815301076,1909f56bfc062723c751e8b465ee728b)
Start importing Assets/school/Prefabs/props/wall4 (1).prefab using Guid(288b229db858c114299d1bf70ffc95cd) Importer(815301076,1909f56bfc062723c751e8b465ee728b) [PhysX] Initialized MultithreadedTaskDispatcher with 8 workers.
[PhysX] Initialized MultithreadedTaskDispatcher with 8 workers.
 -> (artifact id: '2c5786a8b34bacf07961b06ab070ede1') in 0.016537 seconds
Number of updated asset objects reloaded before import = 0
Number of asset objects unloaded after import = 29
========================================================================
Received Import Request.
  Time since last request: 1.822640 seconds.
  path: Assets/school/Prefabs/props/wall4 (1).prefab
  artifactKey: Guid(288b229db858c114299d1bf70ffc95cd) Importer(815301076,1909f56bfc062723c751e8b465ee728b)
Start importing Assets/school/Prefabs/props/wall4 (1).prefab using Guid(288b229db858c114299d1bf70ffc95cd) Importer(815301076,1909f56bfc062723c751e8b465ee728b) [PhysX] Initialized MultithreadedTaskDispatcher with 8 workers.
[PhysX] Initialized MultithreadedTaskDispatcher with 8 workers.
 -> (artifact id: 'b84c9b7b22ddadb575be80dd6ee2941c') in 0.016544 seconds
Number of updated asset objects reloaded before import = 0
Number of asset objects unloaded after import = 29
========================================================================
Received Import Request.
  Time since last request: 4.727940 seconds.
  path: Assets/school/Prefabs/props/wall4 (1).prefab
  artifactKey: Guid(288b229db858c114299d1bf70ffc95cd) Importer(815301076,1909f56bfc062723c751e8b465ee728b)
Start importing Assets/school/Prefabs/props/wall4 (1).prefab using Guid(288b229db858c114299d1bf70ffc95cd) Importer(815301076,1909f56bfc062723c751e8b465ee728b) [PhysX] Initialized MultithreadedTaskDispatcher with 8 workers.
[PhysX] Initialized MultithreadedTaskDispatcher with 8 workers.
 -> (artifact id: '3999e1f927c1cc8944b69444f3530913') in 0.019411 seconds
Number of updated asset objects reloaded before import = 0
Number of asset objects unloaded after import = 29
========================================================================
Received Import Request.
  Time since last request: 9.008317 seconds.
  path: Assets/school/Prefabs/props/wall4 (1).prefab
  artifactKey: Guid(288b229db858c114299d1bf70ffc95cd) Importer(815301076,1909f56bfc062723c751e8b465ee728b)
Start importing Assets/school/Prefabs/props/wall4 (1).prefab using Guid(288b229db858c114299d1bf70ffc95cd) Importer(815301076,1909f56bfc062723c751e8b465ee728b) [PhysX] Initialized MultithreadedTaskDispatcher with 8 workers.
[PhysX] Initialized MultithreadedTaskDispatcher with 8 workers.
 -> (artifact id: '2dce617732a763d1b230a14fc9a1d712') in 0.019825 seconds
Number of updated asset objects reloaded before import = 0
Number of asset objects unloaded after import = 29
========================================================================
Received Import Request.
  Time since last request: 7.431459 seconds.
  path: Assets/school/Prefabs/props/wall4 (1).prefab
  artifactKey: Guid(288b229db858c114299d1bf70ffc95cd) Importer(815301076,1909f56bfc062723c751e8b465ee728b)
Start importing Assets/school/Prefabs/props/wall4 (1).prefab using Guid(288b229db858c114299d1bf70ffc95cd) Importer(815301076,1909f56bfc062723c751e8b465ee728b) [PhysX] Initialized MultithreadedTaskDispatcher with 8 workers.
[PhysX] Initialized MultithreadedTaskDispatcher with 8 workers.
 -> (artifact id: '4c52ba0bade66899cda52595479905eb') in 0.010608 seconds
Number of updated asset objects reloaded before import = 0
Number of asset objects unloaded after import = 29
========================================================================
Received Import Request.
  Time since last request: 7.405244 seconds.
  path: Assets/school/Prefabs/props/wall4 (1).prefab
  artifactKey: Guid(288b229db858c114299d1bf70ffc95cd) Importer(815301076,1909f56bfc062723c751e8b465ee728b)
Start importing Assets/school/Prefabs/props/wall4 (1).prefab using Guid(288b229db858c114299d1bf70ffc95cd) Importer(815301076,1909f56bfc062723c751e8b465ee728b) [PhysX] Initialized MultithreadedTaskDispatcher with 8 workers.
[PhysX] Initialized MultithreadedTaskDispatcher with 8 workers.
 -> (artifact id: '88540c61346e8984e243fe9bc803edd9') in 0.009767 seconds
Number of updated asset objects reloaded before import = 0
Number of asset objects unloaded after import = 29
========================================================================
Received Import Request.
  Time since last request: 6.544897 seconds.
  path: Assets/school/Prefabs/props/wall4 (1).prefab
  artifactKey: Guid(288b229db858c114299d1bf70ffc95cd) Importer(815301076,1909f56bfc062723c751e8b465ee728b)
Start importing Assets/school/Prefabs/props/wall4 (1).prefab using Guid(288b229db858c114299d1bf70ffc95cd) Importer(815301076,1909f56bfc062723c751e8b465ee728b) [PhysX] Initialized MultithreadedTaskDispatcher with 8 workers.
[PhysX] Initialized MultithreadedTaskDispatcher with 8 workers.
 -> (artifact id: '9e04fa2ad98b04051ec1dc85552adf87') in 0.010102 seconds
Number of updated asset objects reloaded before import = 0
Number of asset objects unloaded after import = 29
========================================================================
Received Import Request.
  Time since last request: 4.867774 seconds.
  path: Assets/school/Prefabs/props/wall4 (1).prefab
  artifactKey: Guid(288b229db858c114299d1bf70ffc95cd) Importer(815301076,1909f56bfc062723c751e8b465ee728b)
Start importing Assets/school/Prefabs/props/wall4 (1).prefab using Guid(288b229db858c114299d1bf70ffc95cd) Importer(815301076,1909f56bfc062723c751e8b465ee728b) [PhysX] Initialized MultithreadedTaskDispatcher with 8 workers.
[PhysX] Initialized MultithreadedTaskDispatcher with 8 workers.
 -> (artifact id: '45fb87cf0f648190ecb6088971970908') in 0.018440 seconds
Number of updated asset objects reloaded before import = 0
Number of asset objects unloaded after import = 29
========================================================================
Received Import Request.
  Time since last request: 6.217075 seconds.
  path: Assets/school/Prefabs/props/wall4 (1).prefab
  artifactKey: Guid(288b229db858c114299d1bf70ffc95cd) Importer(815301076,1909f56bfc062723c751e8b465ee728b)
Start importing Assets/school/Prefabs/props/wall4 (1).prefab using Guid(288b229db858c114299d1bf70ffc95cd) Importer(815301076,1909f56bfc062723c751e8b465ee728b) [PhysX] Initialized MultithreadedTaskDispatcher with 8 workers.
[PhysX] Initialized MultithreadedTaskDispatcher with 8 workers.
 -> (artifact id: '85e71afcca80e09f77878c3e55bb8618') in 0.011054 seconds
Number of updated asset objects reloaded before import = 0
Number of asset objects unloaded after import = 29
========================================================================
Received Import Request.
  Time since last request: 5.657248 seconds.
  path: Assets/TextMesh Pro/Resources/Fonts & Materials/LiberationSans SDF - Fallback.asset
  artifactKey: Guid(2e498d1c8094910479dc3e1b768306a4) Importer(815301076,1909f56bfc062723c751e8b465ee728b)
Start importing Assets/TextMesh Pro/Resources/Fonts & Materials/LiberationSans SDF - Fallback.asset using Guid(2e498d1c8094910479dc3e1b768306a4) Importer(815301076,1909f56bfc062723c751e8b465ee728b) [PhysX] Initialized MultithreadedTaskDispatcher with 8 workers.
[PhysX] Initialized MultithreadedTaskDispatcher with 8 workers.
[PhysX] Initialized MultithreadedTaskDispatcher with 8 workers.
 -> (artifact id: '275f5f226bb124fd2a1f976e9060dbb5') in 0.099068 seconds
Number of updated asset objects reloaded before import = 0
Number of asset objects unloaded after import = 6
========================================================================
Received Import Request.
  Time since last request: 1.619092 seconds.
  path: Assets/school/Prefabs/props/wall4 (1).prefab
  artifactKey: Guid(288b229db858c114299d1bf70ffc95cd) Importer(815301076,1909f56bfc062723c751e8b465ee728b)
Start importing Assets/school/Prefabs/props/wall4 (1).prefab using Guid(288b229db858c114299d1bf70ffc95cd) Importer(815301076,1909f56bfc062723c751e8b465ee728b) [PhysX] Initialized MultithreadedTaskDispatcher with 8 workers.
[PhysX] Initialized MultithreadedTaskDispatcher with 8 workers.
 -> (artifact id: '951a187aa19b43e190ca18a5230efbfe') in 0.017748 seconds
Number of updated asset objects reloaded before import = 0
Number of asset objects unloaded after import = 76
========================================================================
Received Import Request.
  Time since last request: 1.418436 seconds.
  path: Assets/school/Prefabs/props/wall4 (1).prefab
  artifactKey: Guid(288b229db858c114299d1bf70ffc95cd) Importer(815301076,1909f56bfc062723c751e8b465ee728b)
Start importing Assets/school/Prefabs/props/wall4 (1).prefab using Guid(288b229db858c114299d1bf70ffc95cd) Importer(815301076,1909f56bfc062723c751e8b465ee728b) [PhysX] Initialized MultithreadedTaskDispatcher with 8 workers.
[PhysX] Initialized MultithreadedTaskDispatcher with 8 workers.
 -> (artifact id: '39aeb8635cb0cebdb90a9da4f7d74117') in 0.011930 seconds
Number of updated asset objects reloaded before import = 0
Number of asset objects unloaded after import = 55
========================================================================
Received Import Request.
  Time since last request: 0.588798 seconds.
  path: Assets/school/Prefabs/props/wall4 (1).prefab
  artifactKey: Guid(288b229db858c114299d1bf70ffc95cd) Importer(815301076,1909f56bfc062723c751e8b465ee728b)
Start importing Assets/school/Prefabs/props/wall4 (1).prefab using Guid(288b229db858c114299d1bf70ffc95cd) Importer(815301076,1909f56bfc062723c751e8b465ee728b) [PhysX] Initialized MultithreadedTaskDispatcher with 8 workers.
[PhysX] Initialized MultithreadedTaskDispatcher with 8 workers.
 -> (artifact id: '165efe4f9c66341af94fab232cfaaf46') in 0.013044 seconds
Number of updated asset objects reloaded before import = 0
Number of asset objects unloaded after import = 51
========================================================================
Received Import Request.
  Time since last request: 0.577512 seconds.
  path: Assets/school/Prefabs/props/wall4 (1).prefab
  artifactKey: Guid(288b229db858c114299d1bf70ffc95cd) Importer(815301076,1909f56bfc062723c751e8b465ee728b)
Start importing Assets/school/Prefabs/props/wall4 (1).prefab using Guid(288b229db858c114299d1bf70ffc95cd) Importer(815301076,1909f56bfc062723c751e8b465ee728b) [PhysX] Initialized MultithreadedTaskDispatcher with 8 workers.
[PhysX] Initialized MultithreadedTaskDispatcher with 8 workers.
 -> (artifact id: 'f192eb920857a9c678ccc2bbb1765611') in 0.017012 seconds
Number of updated asset objects reloaded before import = 0
Number of asset objects unloaded after import = 76
========================================================================
Received Import Request.
  Time since last request: 2.211397 seconds.
  path: Assets/school/Prefabs/props/wall4 (1).prefab
  artifactKey: Guid(288b229db858c114299d1bf70ffc95cd) Importer(815301076,1909f56bfc062723c751e8b465ee728b)
Start importing Assets/school/Prefabs/props/wall4 (1).prefab using Guid(288b229db858c114299d1bf70ffc95cd) Importer(815301076,1909f56bfc062723c751e8b465ee728b) [PhysX] Initialized MultithreadedTaskDispatcher with 8 workers.
[PhysX] Initialized MultithreadedTaskDispatcher with 8 workers.
 -> (artifact id: 'cd04e111ec0593acea609b5efbcd77b4') in 0.010987 seconds
Number of updated asset objects reloaded before import = 0
Number of asset objects unloaded after import = 29
========================================================================
Received Import Request.
  Time since last request: 2.826356 seconds.
  path: Assets/school/Prefabs/props/wall4 (1).prefab
  artifactKey: Guid(288b229db858c114299d1bf70ffc95cd) Importer(815301076,1909f56bfc062723c751e8b465ee728b)
Start importing Assets/school/Prefabs/props/wall4 (1).prefab using Guid(288b229db858c114299d1bf70ffc95cd) Importer(815301076,1909f56bfc062723c751e8b465ee728b) [PhysX] Initialized MultithreadedTaskDispatcher with 8 workers.
[PhysX] Initialized MultithreadedTaskDispatcher with 8 workers.
 -> (artifact id: '5dbd5a0b6520356a37bc2c5d77e66a74') in 0.017782 seconds
Number of updated asset objects reloaded before import = 0
Number of asset objects unloaded after import = 30
========================================================================
Received Import Request.
  Time since last request: 1.957755 seconds.
  path: Assets/Office Pack/Models/Laptop/Notebook/Notebook_LOD1.fbx
  artifactKey: Guid(bed6e7fa51e96204390cb7aa8663599c) Importer(815301076,1909f56bfc062723c751e8b465ee728b)
Start importing Assets/Office Pack/Models/Laptop/Notebook/Notebook_LOD1.fbx using Guid(bed6e7fa51e96204390cb7aa8663599c) Importer(815301076,1909f56bfc062723c751e8b465ee728b) [PhysX] Initialized MultithreadedTaskDispatcher with 8 workers.
[PhysX] Initialized MultithreadedTaskDispatcher with 8 workers.
[PhysX] Initialized MultithreadedTaskDispatcher with 8 workers.
[PhysX] Initialized MultithreadedTaskDispatcher with 8 workers.
[PhysX] Initialized MultithreadedTaskDispatcher with 8 workers.
[PhysX] Initialized MultithreadedTaskDispatcher with 8 workers.
[PhysX] Initialized MultithreadedTaskDispatcher with 8 workers.
[PhysX] Initialized MultithreadedTaskDispatcher with 8 workers.
[PhysX] Initialized MultithreadedTaskDispatcher with 8 workers.
 -> (artifact id: '05226cb65226c4e06a0e86b9606e0744') in 0.112691 seconds
Number of updated asset objects reloaded before import = 0
Number of asset objects unloaded after import = 29
========================================================================
Received Import Request.
  Time since last request: 0.000025 seconds.
  path: Assets/Office Pack/Models/Laptop/Laptop/Laptop_LOD1.fbx
  artifactKey: Guid(08647b5d3f82def4ba2d226f2c260ada) Importer(815301076,1909f56bfc062723c751e8b465ee728b)
Start importing Assets/Office Pack/Models/Laptop/Laptop/Laptop_LOD1.fbx using Guid(08647b5d3f82def4ba2d226f2c260ada) Importer(815301076,1909f56bfc062723c751e8b465ee728b) [PhysX] Initialized MultithreadedTaskDispatcher with 8 workers.
[PhysX] Initialized MultithreadedTaskDispatcher with 8 workers.
[PhysX] Initialized MultithreadedTaskDispatcher with 8 workers.
[PhysX] Initialized MultithreadedTaskDispatcher with 8 workers.
[PhysX] Initialized MultithreadedTaskDispatcher with 8 workers.
[PhysX] Initialized MultithreadedTaskDispatcher with 8 workers.
[PhysX] Initialized MultithreadedTaskDispatcher with 8 workers.
[PhysX] Initialized MultithreadedTaskDispatcher with 8 workers.
[PhysX] Initialized MultithreadedTaskDispatcher with 8 workers.
 -> (artifact id: 'c0ca963ab33306c4755443d74a2fd57d') in 0.070055 seconds
Number of updated asset objects reloaded before import = 0
Number of asset objects unloaded after import = 29
========================================================================
Received Import Request.
  Time since last request: 0.000028 seconds.
  path: Assets/Office Pack/Models/Keyboard/Keyboard_LOD0.fbx
  artifactKey: Guid(c3f3fbaf8e30fa842b0959699554f9ae) Importer(815301076,1909f56bfc062723c751e8b465ee728b)
Start importing Assets/Office Pack/Models/Keyboard/Keyboard_LOD0.fbx using Guid(c3f3fbaf8e30fa842b0959699554f9ae) Importer(815301076,1909f56bfc062723c751e8b465ee728b) [PhysX] Initialized MultithreadedTaskDispatcher with 8 workers.
[PhysX] Initialized MultithreadedTaskDispatcher with 8 workers.
[PhysX] Initialized MultithreadedTaskDispatcher with 8 workers.
[PhysX] Initialized MultithreadedTaskDispatcher with 8 workers.
[PhysX] Initialized MultithreadedTaskDispatcher with 8 workers.
[PhysX] Initialized MultithreadedTaskDispatcher with 8 workers.
[PhysX] Initialized MultithreadedTaskDispatcher with 8 workers.
 -> (artifact id: '5c0d22e78fcd178e8e23abc160c83efa') in 0.053499 seconds
Number of updated asset objects reloaded before import = 0
Number of asset objects unloaded after import = 26
========================================================================
Received Import Request.
  Time since last request: 0.000037 seconds.
  path: Assets/Office Pack/Models/Keyboard/Keyboard_LOD2.fbx
  artifactKey: Guid(e9d146d4eadf4e94289588bcc9e10e11) Importer(815301076,1909f56bfc062723c751e8b465ee728b)
Start importing Assets/Office Pack/Models/Keyboard/Keyboard_LOD2.fbx using Guid(e9d146d4eadf4e94289588bcc9e10e11) Importer(815301076,1909f56bfc062723c751e8b465ee728b) [PhysX] Initialized MultithreadedTaskDispatcher with 8 workers.
[PhysX] Initialized MultithreadedTaskDispatcher with 8 workers.
[PhysX] Initialized MultithreadedTaskDispatcher with 8 workers.
[PhysX] Initialized MultithreadedTaskDispatcher with 8 workers.
[PhysX] Initialized MultithreadedTaskDispatcher with 8 workers.
[PhysX] Initialized MultithreadedTaskDispatcher with 8 workers.
[PhysX] Initialized MultithreadedTaskDispatcher with 8 workers.
 -> (artifact id: 'd32e59003217a211450092cb2ccaf96f') in 0.054000 seconds
Number of updated asset objects reloaded before import = 0
Number of asset objects unloaded after import = 26
========================================================================
Received Import Request.
  Time since last request: 0.058062 seconds.
  path: Assets/FastMesh/Materials/IconSign 4.mat
  artifactKey: Guid(8294c13b0ed5c0240aff293c2c557de0) Importer(815301076,1909f56bfc062723c751e8b465ee728b)
Start importing Assets/FastMesh/Materials/IconSign 4.mat using Guid(8294c13b0ed5c0240aff293c2c557de0) Importer(815301076,1909f56bfc062723c751e8b465ee728b) [PhysX] Initialized MultithreadedTaskDispatcher with 8 workers.
[PhysX] Initialized MultithreadedTaskDispatcher with 8 workers.
 -> (artifact id: '2709ae4400142e4ee18fd5b9d40f88c4') in 0.032040 seconds
Number of updated asset objects reloaded before import = 0
Number of asset objects unloaded after import = 2
========================================================================
Received Import Request.
  Time since last request: 0.450696 seconds.
  path: Assets/FastMesh/Materials/IconSign 2.mat
  artifactKey: Guid(4844f458fe91ed240841ee20e22c58ae) Importer(815301076,1909f56bfc062723c751e8b465ee728b)
Start importing Assets/FastMesh/Materials/IconSign 2.mat using Guid(4844f458fe91ed240841ee20e22c58ae) Importer(815301076,1909f56bfc062723c751e8b465ee728b) [PhysX] Initialized MultithreadedTaskDispatcher with 8 workers.
[PhysX] Initialized MultithreadedTaskDispatcher with 8 workers.
 -> (artifact id: '0b23690562a85cb8268b388ec3bc1cf6') in 0.031927 seconds
Number of updated asset objects reloaded before import = 0
Number of asset objects unloaded after import = 2
========================================================================
Received Import Request.
  Time since last request: 0.000022 seconds.
  path: Assets/FastMesh/Materials/IconBin.mat
  artifactKey: Guid(c2cd2d8bb9b85b047bbcec03fea6c963) Importer(815301076,1909f56bfc062723c751e8b465ee728b)
Start importing Assets/FastMesh/Materials/IconBin.mat using Guid(c2cd2d8bb9b85b047bbcec03fea6c963) Importer(815301076,1909f56bfc062723c751e8b465ee728b) [PhysX] Initialized MultithreadedTaskDispatcher with 8 workers.
[PhysX] Initialized MultithreadedTaskDispatcher with 8 workers.
 -> (artifact id: 'a99219d9b0a04536c1c73ad884305943') in 0.028781 seconds
Number of updated asset objects reloaded before import = 0
Number of asset objects unloaded after import = 2
========================================================================
Received Import Request.
  Time since last request: 0.027576 seconds.
  path: Assets/TextMesh Pro/Examples & Extras/Materials/Ground - Logo Scene.mat
  artifactKey: Guid(c719e38f25a9480abd2480ab621a2949) Importer(815301076,1909f56bfc062723c751e8b465ee728b)
Start importing Assets/TextMesh Pro/Examples & Extras/Materials/Ground - Logo Scene.mat using Guid(c719e38f25a9480abd2480ab621a2949) Importer(815301076,1909f56bfc062723c751e8b465ee728b) [PhysX] Initialized MultithreadedTaskDispatcher with 8 workers.
[PhysX] Initialized MultithreadedTaskDispatcher with 8 workers.
 -> (artifact id: '929f057c7d78337172b5561c7f187e4a') in 0.027650 seconds
Number of updated asset objects reloaded before import = 0
Number of asset objects unloaded after import = 2
========================================================================
Received Import Request.
  Time since last request: 0.251686 seconds.
  path: Assets/TextMesh Pro/Fonts/LiberationSans.ttf
  artifactKey: Guid(e3265ab4bf004d28a9537516768c1c75) Importer(815301076,1909f56bfc062723c751e8b465ee728b)
Start importing Assets/TextMesh Pro/Fonts/LiberationSans.ttf using Guid(e3265ab4bf004d28a9537516768c1c75) Importer(815301076,1909f56bfc062723c751e8b465ee728b) [PhysX] Initialized MultithreadedTaskDispatcher with 8 workers.
[PhysX] Initialized MultithreadedTaskDispatcher with 8 workers.
[PhysX] Initialized MultithreadedTaskDispatcher with 8 workers.
 -> (artifact id: 'cc0b5300b8e0f983116f46e186ac1a94') in 0.023585 seconds
Number of updated asset objects reloaded before import = 0
Number of asset objects unloaded after import = 4
========================================================================
Received Import Request.
  Time since last request: 0.041949 seconds.
  path: Assets/TextMesh Pro/Examples & Extras/Fonts/Anton.ttf
  artifactKey: Guid(997a43b767814dd0a7642ec9b78cba41) Importer(815301076,1909f56bfc062723c751e8b465ee728b)
Start importing Assets/TextMesh Pro/Examples & Extras/Fonts/Anton.ttf using Guid(997a43b767814dd0a7642ec9b78cba41) Importer(815301076,1909f56bfc062723c751e8b465ee728b) [PhysX] Initialized MultithreadedTaskDispatcher with 8 workers.
[PhysX] Initialized MultithreadedTaskDispatcher with 8 workers.
[PhysX] Initialized MultithreadedTaskDispatcher with 8 workers.
 -> (artifact id: 'd412216e666a307735637d58a00089e5') in 0.013324 seconds
Number of updated asset objects reloaded before import = 0
Number of asset objects unloaded after import = 4
========================================================================
Received Import Request.
  Time since last request: 0.000017 seconds.
  path: Assets/TextMesh Pro/Examples & Extras/Fonts/Roboto-Bold.ttf
  artifactKey: Guid(4beb055f07aaff244873dec698d0363e) Importer(815301076,1909f56bfc062723c751e8b465ee728b)
Start importing Assets/TextMesh Pro/Examples & Extras/Fonts/Roboto-Bold.ttf using Guid(4beb055f07aaff244873dec698d0363e) Importer(815301076,1909f56bfc062723c751e8b465ee728b) [PhysX] Initialized MultithreadedTaskDispatcher with 8 workers.
[PhysX] Initialized MultithreadedTaskDispatcher with 8 workers.
[PhysX] Initialized MultithreadedTaskDispatcher with 8 workers.
 -> (artifact id: '57b8c636d7fc4dc2f44b1ba9abe3c511') in 0.015836 seconds
Number of updated asset objects reloaded before import = 0
Number of asset objects unloaded after import = 4
========================================================================
Received Import Request.
  Time since last request: 0.772382 seconds.
  path: Assets/TextMesh Pro/Examples & Extras/Fonts/Electronic Highway Sign.TTF
  artifactKey: Guid(8a2b9e2a607dd2143b58c44bc32410b4) Importer(815301076,1909f56bfc062723c751e8b465ee728b)
Start importing Assets/TextMesh Pro/Examples & Extras/Fonts/Electronic Highway Sign.TTF using Guid(8a2b9e2a607dd2143b58c44bc32410b4) Importer(815301076,1909f56bfc062723c751e8b465ee728b) [PhysX] Initialized MultithreadedTaskDispatcher with 8 workers.
[PhysX] Initialized MultithreadedTaskDispatcher with 8 workers.
[PhysX] Initialized MultithreadedTaskDispatcher with 8 workers.
 -> (artifact id: '28b1abb479dc1b5bb05b71f644e78c6a') in 0.012472 seconds
Number of updated asset objects reloaded before import = 0
Number of asset objects unloaded after import = 4
========================================================================
Received Import Request.
  Time since last request: 1.393640 seconds.
  path: Assets/school/Prefabs/props/wall4 (1).prefab
  artifactKey: Guid(288b229db858c114299d1bf70ffc95cd) Importer(815301076,1909f56bfc062723c751e8b465ee728b)
Start importing Assets/school/Prefabs/props/wall4 (1).prefab using Guid(288b229db858c114299d1bf70ffc95cd) Importer(815301076,1909f56bfc062723c751e8b465ee728b) [PhysX] Initialized MultithreadedTaskDispatcher with 8 workers.
[PhysX] Initialized MultithreadedTaskDispatcher with 8 workers.
 -> (artifact id: 'fad04116fb0cf70a9f349b803f92b884') in 0.018831 seconds
Number of updated asset objects reloaded before import = 0
Number of asset objects unloaded after import = 29
========================================================================
Received Import Request.
  Time since last request: 0.233951 seconds.
  path: Assets/Office Pack/Models/All In One PC/All_In_One_LOD2.fbx
  artifactKey: Guid(ba255dfb144b09d4782134c2b4ca0ffe) Importer(815301076,1909f56bfc062723c751e8b465ee728b)
Start importing Assets/Office Pack/Models/All In One PC/All_In_One_LOD2.fbx using Guid(ba255dfb144b09d4782134c2b4ca0ffe) Importer(815301076,1909f56bfc062723c751e8b465ee728b) [PhysX] Initialized MultithreadedTaskDispatcher with 8 workers.
[PhysX] Initialized MultithreadedTaskDispatcher with 8 workers.
[PhysX] Initialized MultithreadedTaskDispatcher with 8 workers.
[PhysX] Initialized MultithreadedTaskDispatcher with 8 workers.
[PhysX] Initialized MultithreadedTaskDispatcher with 8 workers.
 -> (artifact id: '16bb368c505fb1db4af4493322399dae') in 0.041254 seconds
Number of updated asset objects reloaded before import = 0
Number of asset objects unloaded after import = 23
========================================================================
Received Import Request.
  Time since last request: 1.320711 seconds.
  path: Assets/school/Prefabs/props/wall4 (1).prefab
  artifactKey: Guid(288b229db858c114299d1bf70ffc95cd) Importer(815301076,1909f56bfc062723c751e8b465ee728b)
Start importing Assets/school/Prefabs/props/wall4 (1).prefab using Guid(288b229db858c114299d1bf70ffc95cd) Importer(815301076,1909f56bfc062723c751e8b465ee728b) [PhysX] Initialized MultithreadedTaskDispatcher with 8 workers.
[PhysX] Initialized MultithreadedTaskDispatcher with 8 workers.
 -> (artifact id: '8d029298f0a188e95136d84a80c2f1da') in 0.018632 seconds
Number of updated asset objects reloaded before import = 0
Number of asset objects unloaded after import = 57
========================================================================
Received Import Request.
  Time since last request: 0.263881 seconds.
  path: Assets/TextMesh Pro/Examples & Extras/Materials/Crate - Surface Shader Scene.mat
  artifactKey: Guid(e6b9b44320f4448d9d5e0ee634259966) Importer(815301076,1909f56bfc062723c751e8b465ee728b)
Start importing Assets/TextMesh Pro/Examples & Extras/Materials/Crate - Surface Shader Scene.mat using Guid(e6b9b44320f4448d9d5e0ee634259966) Importer(815301076,1909f56bfc062723c751e8b465ee728b) [PhysX] Initialized MultithreadedTaskDispatcher with 8 workers.
[PhysX] Initialized MultithreadedTaskDispatcher with 8 workers.
 -> (artifact id: '83d89f26d4ac84670484b912ddaf9de5') in 0.268348 seconds
Number of updated asset objects reloaded before import = 0
Number of asset objects unloaded after import = 3
========================================================================
Received Import Request.
  Time since last request: 1.137139 seconds.
  path: Assets/school/Prefabs/props/wall4 (1).prefab
  artifactKey: Guid(288b229db858c114299d1bf70ffc95cd) Importer(815301076,1909f56bfc062723c751e8b465ee728b)
Start importing Assets/school/Prefabs/props/wall4 (1).prefab using Guid(288b229db858c114299d1bf70ffc95cd) Importer(815301076,1909f56bfc062723c751e8b465ee728b) [PhysX] Initialized MultithreadedTaskDispatcher with 8 workers.
[PhysX] Initialized MultithreadedTaskDispatcher with 8 workers.
 -> (artifact id: '0ca1169571794b45d53ab0bf2fb70c51') in 0.027701 seconds
Number of updated asset objects reloaded before import = 0
Number of asset objects unloaded after import = 31
========================================================================
Received Import Request.
  Time since last request: 0.976516 seconds.
  path: Assets/school/Prefabs/props/wall4 (1).prefab
  artifactKey: Guid(288b229db858c114299d1bf70ffc95cd) Importer(815301076,1909f56bfc062723c751e8b465ee728b)
Start importing Assets/school/Prefabs/props/wall4 (1).prefab using Guid(288b229db858c114299d1bf70ffc95cd) Importer(815301076,1909f56bfc062723c751e8b465ee728b) [PhysX] Initialized MultithreadedTaskDispatcher with 8 workers.
[PhysX] Initialized MultithreadedTaskDispatcher with 8 workers.
 -> (artifact id: '0c64c718ee5cbcc29c19205f57bb2139') in 0.018060 seconds
Number of updated asset objects reloaded before import = 0
Number of asset objects unloaded after import = 31
========================================================================
Received Import Request.
  Time since last request: 2.018916 seconds.
  path: Assets/school/Prefabs/props/wall4 (1).prefab
  artifactKey: Guid(288b229db858c114299d1bf70ffc95cd) Importer(815301076,1909f56bfc062723c751e8b465ee728b)
Start importing Assets/school/Prefabs/props/wall4 (1).prefab using Guid(288b229db858c114299d1bf70ffc95cd) Importer(815301076,1909f56bfc062723c751e8b465ee728b) [PhysX] Initialized MultithreadedTaskDispatcher with 8 workers.
[PhysX] Initialized MultithreadedTaskDispatcher with 8 workers.
 -> (artifact id: '31e6c39e6321bf28a151da938415b7cd') in 0.035386 seconds
Number of updated asset objects reloaded before import = 0
Number of asset objects unloaded after import = 33
========================================================================
Received Import Request.
  Time since last request: 1.403920 seconds.
  path: Assets/school/Prefabs/props/wall4 (1).prefab
  artifactKey: Guid(288b229db858c114299d1bf70ffc95cd) Importer(815301076,1909f56bfc062723c751e8b465ee728b)
Start importing Assets/school/Prefabs/props/wall4 (1).prefab using Guid(288b229db858c114299d1bf70ffc95cd) Importer(815301076,1909f56bfc062723c751e8b465ee728b) [PhysX] Initialized MultithreadedTaskDispatcher with 8 workers.
[PhysX] Initialized MultithreadedTaskDispatcher with 8 workers.
 -> (artifact id: '35f68eab86a1a7581cf0e7960296093c') in 0.017974 seconds
Number of updated asset objects reloaded before import = 0
Number of asset objects unloaded after import = 30
========================================================================
Received Import Request.
  Time since last request: 3.028315 seconds.
  path: Assets/school/Prefabs/props/wall4 (1).prefab
  artifactKey: Guid(288b229db858c114299d1bf70ffc95cd) Importer(815301076,1909f56bfc062723c751e8b465ee728b)
Start importing Assets/school/Prefabs/props/wall4 (1).prefab using Guid(288b229db858c114299d1bf70ffc95cd) Importer(815301076,1909f56bfc062723c751e8b465ee728b) [PhysX] Initialized MultithreadedTaskDispatcher with 8 workers.
[PhysX] Initialized MultithreadedTaskDispatcher with 8 workers.
 -> (artifact id: '3c31a26f98e015d03a8a922f44c33dae') in 0.021713 seconds
Number of updated asset objects reloaded before import = 0
Number of asset objects unloaded after import = 31
========================================================================
Received Import Request.
  Time since last request: 4.973223 seconds.
  path: Assets/school/Prefabs/props/wall4 (1).prefab
  artifactKey: Guid(288b229db858c114299d1bf70ffc95cd) Importer(815301076,1909f56bfc062723c751e8b465ee728b)
Start importing Assets/school/Prefabs/props/wall4 (1).prefab using Guid(288b229db858c114299d1bf70ffc95cd) Importer(815301076,1909f56bfc062723c751e8b465ee728b) [PhysX] Initialized MultithreadedTaskDispatcher with 8 workers.
[PhysX] Initialized MultithreadedTaskDispatcher with 8 workers.
 -> (artifact id: 'eb5c12ad369baa7ebf2c96b2bdb59f4d') in 0.018195 seconds
Number of updated asset objects reloaded before import = 0
Number of asset objects unloaded after import = 29
========================================================================
Received Import Request.
  Time since last request: 1.753676 seconds.
  path: Assets/school/Prefabs/props/wall4 (1).prefab
  artifactKey: Guid(288b229db858c114299d1bf70ffc95cd) Importer(815301076,1909f56bfc062723c751e8b465ee728b)
Start importing Assets/school/Prefabs/props/wall4 (1).prefab using Guid(288b229db858c114299d1bf70ffc95cd) Importer(815301076,1909f56bfc062723c751e8b465ee728b) [PhysX] Initialized MultithreadedTaskDispatcher with 8 workers.
[PhysX] Initialized MultithreadedTaskDispatcher with 8 workers.
 -> (artifact id: '193c154d126dd84ec9168ad2b8d91273') in 0.011705 seconds
Number of updated asset objects reloaded before import = 0
Number of asset objects unloaded after import = 51
========================================================================
Received Import Request.
  Time since last request: 1.563388 seconds.
  path: Assets/Fries and Seagull/Interior 01/Models/Table 2.fbx
  artifactKey: Guid(13e538f6c11ca3049bf846ed5151bbae) Importer(815301076,1909f56bfc062723c751e8b465ee728b)
Start importing Assets/Fries and Seagull/Interior 01/Models/Table 2.fbx using Guid(13e538f6c11ca3049bf846ed5151bbae) Importer(815301076,1909f56bfc062723c751e8b465ee728b) [PhysX] Initialized MultithreadedTaskDispatcher with 8 workers.
[PhysX] Initialized MultithreadedTaskDispatcher with 8 workers.
[PhysX] Initialized MultithreadedTaskDispatcher with 8 workers.
[PhysX] Initialized MultithreadedTaskDispatcher with 8 workers.
[PhysX] Initialized MultithreadedTaskDispatcher with 8 workers.
[PhysX] Initialized MultithreadedTaskDispatcher with 8 workers.
[PhysX] Initialized MultithreadedTaskDispatcher with 8 workers.
[PhysX] Initialized MultithreadedTaskDispatcher with 8 workers.
[PhysX] Initialized MultithreadedTaskDispatcher with 8 workers.
 -> (artifact id: '270c50f37c85378d78286702c25a09f5') in 0.057962 seconds
Number of updated asset objects reloaded before import = 0
Number of asset objects unloaded after import = 13
========================================================================
Received Import Request.
  Time since last request: 1.402488 seconds.
  path: Assets/school/Prefabs/props/wall4 (1).prefab
  artifactKey: Guid(288b229db858c114299d1bf70ffc95cd) Importer(815301076,1909f56bfc062723c751e8b465ee728b)
Start importing Assets/school/Prefabs/props/wall4 (1).prefab using Guid(288b229db858c114299d1bf70ffc95cd) Importer(815301076,1909f56bfc062723c751e8b465ee728b) [PhysX] Initialized MultithreadedTaskDispatcher with 8 workers.
[PhysX] Initialized MultithreadedTaskDispatcher with 8 workers.
 -> (artifact id: '3418377e0f8e9dbc32ee8e5126a73c5b') in 0.019230 seconds
Number of updated asset objects reloaded before import = 0
Number of asset objects unloaded after import = 38
========================================================================
Received Import Request.
  Time since last request: 0.781967 seconds.
  path: Assets/school/Prefabs/props/wall4 (1).prefab
  artifactKey: Guid(288b229db858c114299d1bf70ffc95cd) Importer(815301076,1909f56bfc062723c751e8b465ee728b)
Start importing Assets/school/Prefabs/props/wall4 (1).prefab using Guid(288b229db858c114299d1bf70ffc95cd) Importer(815301076,1909f56bfc062723c751e8b465ee728b) [PhysX] Initialized MultithreadedTaskDispatcher with 8 workers.
[PhysX] Initialized MultithreadedTaskDispatcher with 8 workers.
 -> (artifact id: '93d4e3a70d789f70b5bca64230eee8d4') in 0.017525 seconds
Number of updated asset objects reloaded before import = 0
Number of asset objects unloaded after import = 41
========================================================================
Received Import Request.
  Time since last request: 1.205336 seconds.
  path: Assets/school/Prefabs/props/wall4 (1).prefab
  artifactKey: Guid(288b229db858c114299d1bf70ffc95cd) Importer(815301076,1909f56bfc062723c751e8b465ee728b)
Start importing Assets/school/Prefabs/props/wall4 (1).prefab using Guid(288b229db858c114299d1bf70ffc95cd) Importer(815301076,1909f56bfc062723c751e8b465ee728b) [PhysX] Initialized MultithreadedTaskDispatcher with 8 workers.
[PhysX] Initialized MultithreadedTaskDispatcher with 8 workers.
 -> (artifact id: 'f40ed7787e1022b43a6c2dc4d4ec0d70') in 0.018954 seconds
Number of updated asset objects reloaded before import = 0
Number of asset objects unloaded after import = 41
========================================================================
Received Import Request.
  Time since last request: 8.633886 seconds.
  path: Assets/school/Prefabs/props/wall4 (1).prefab
  artifactKey: Guid(288b229db858c114299d1bf70ffc95cd) Importer(815301076,1909f56bfc062723c751e8b465ee728b)
Start importing Assets/school/Prefabs/props/wall4 (1).prefab using Guid(288b229db858c114299d1bf70ffc95cd) Importer(815301076,1909f56bfc062723c751e8b465ee728b) [PhysX] Initialized MultithreadedTaskDispatcher with 8 workers.
[PhysX] Initialized MultithreadedTaskDispatcher with 8 workers.
 -> (artifact id: '6ff2052f72f6e17e6383948b53b9dd70') in 0.033175 seconds
Number of updated asset objects reloaded before import = 0
Number of asset objects unloaded after import = 605
========================================================================
Received Import Request.
  Time since last request: 0.793317 seconds.
  path: Assets/school/Prefabs/props/wall4 (1).prefab
  artifactKey: Guid(288b229db858c114299d1bf70ffc95cd) Importer(815301076,1909f56bfc062723c751e8b465ee728b)
Start importing Assets/school/Prefabs/props/wall4 (1).prefab using Guid(288b229db858c114299d1bf70ffc95cd) Importer(815301076,1909f56bfc062723c751e8b465ee728b) [PhysX] Initialized MultithreadedTaskDispatcher with 8 workers.
[PhysX] Initialized MultithreadedTaskDispatcher with 8 workers.
 -> (artifact id: '4cf6a91c2f590135539d7906f1378daa') in 0.025276 seconds
Number of updated asset objects reloaded before import = 0
Number of asset objects unloaded after import = 605
========================================================================
Received Import Request.
  Time since last request: 1.400878 seconds.
  path: Assets/school/Prefabs/props/wall4 (1).prefab
  artifactKey: Guid(288b229db858c114299d1bf70ffc95cd) Importer(815301076,1909f56bfc062723c751e8b465ee728b)
Start importing Assets/school/Prefabs/props/wall4 (1).prefab using Guid(288b229db858c114299d1bf70ffc95cd) Importer(815301076,1909f56bfc062723c751e8b465ee728b) [PhysX] Initialized MultithreadedTaskDispatcher with 8 workers.
[PhysX] Initialized MultithreadedTaskDispatcher with 8 workers.
 -> (artifact id: 'a9baeef51b9a0b3a02e2cfed3fe9f3c6') in 0.022572 seconds
Number of updated asset objects reloaded before import = 0
Number of asset objects unloaded after import = 605
========================================================================
Received Import Request.
  Time since last request: 2.205121 seconds.
  path: Assets/school/Prefabs/props/wall4 (1).prefab
  artifactKey: Guid(288b229db858c114299d1bf70ffc95cd) Importer(815301076,1909f56bfc062723c751e8b465ee728b)
Start importing Assets/school/Prefabs/props/wall4 (1).prefab using Guid(288b229db858c114299d1bf70ffc95cd) Importer(815301076,1909f56bfc062723c751e8b465ee728b) [PhysX] Initialized MultithreadedTaskDispatcher with 8 workers.
[PhysX] Initialized MultithreadedTaskDispatcher with 8 workers.
 -> (artifact id: 'a1126694be2d58f5e5a4e91a3be8f094') in 0.020501 seconds
Number of updated asset objects reloaded before import = 0
Number of asset objects unloaded after import = 605
========================================================================
Received Import Request.
  Time since last request: 10.030956 seconds.
  path: Assets/Fries and Seagull/Interior 01/Models/Ceilling Light.fbx
  artifactKey: Guid(306843bc4279b5749aefdc82a24f0a00) Importer(815301076,1909f56bfc062723c751e8b465ee728b)
Start importing Assets/Fries and Seagull/Interior 01/Models/Ceilling Light.fbx using Guid(306843bc4279b5749aefdc82a24f0a00) Importer(815301076,1909f56bfc062723c751e8b465ee728b) [PhysX] Initialized MultithreadedTaskDispatcher with 8 workers.
[PhysX] Initialized MultithreadedTaskDispatcher with 8 workers.
[PhysX] Initialized MultithreadedTaskDispatcher with 8 workers.
[PhysX] Initialized MultithreadedTaskDispatcher with 8 workers.
[PhysX] Initialized MultithreadedTaskDispatcher with 8 workers.
[PhysX] Initialized MultithreadedTaskDispatcher with 8 workers.
[PhysX] Initialized MultithreadedTaskDispatcher with 8 workers.
[PhysX] Initialized MultithreadedTaskDispatcher with 8 workers.
[PhysX] Initialized MultithreadedTaskDispatcher with 8 workers.
 -> (artifact id: '9d845a0c001a07b405c2483bb3ace490') in 0.058722 seconds
Number of updated asset objects reloaded before import = 0
Number of asset objects unloaded after import = 17
========================================================================
Received Import Request.
  Time since last request: 1.783568 seconds.
  path: Assets/Fries and Seagull/Interior 01/Models/Phone.fbx
  artifactKey: Guid(9ddb89f06042d114db7954c1880e18ef) Importer(815301076,1909f56bfc062723c751e8b465ee728b)
Start importing Assets/Fries and Seagull/Interior 01/Models/Phone.fbx using Guid(9ddb89f06042d114db7954c1880e18ef) Importer(815301076,1909f56bfc062723c751e8b465ee728b) [PhysX] Initialized MultithreadedTaskDispatcher with 8 workers.
[PhysX] Initialized MultithreadedTaskDispatcher with 8 workers.
[PhysX] Initialized MultithreadedTaskDispatcher with 8 workers.
[PhysX] Initialized MultithreadedTaskDispatcher with 8 workers.
[PhysX] Initialized MultithreadedTaskDispatcher with 8 workers.
[PhysX] Initialized MultithreadedTaskDispatcher with 8 workers.
[PhysX] Initialized MultithreadedTaskDispatcher with 8 workers.
[PhysX] Initialized MultithreadedTaskDispatcher with 8 workers.
[PhysX] Initialized MultithreadedTaskDispatcher with 8 workers.
[PhysX] Initialized MultithreadedTaskDispatcher with 8 workers.
[PhysX] Initialized MultithreadedTaskDispatcher with 8 workers.
[PhysX] Initialized MultithreadedTaskDispatcher with 8 workers.
[PhysX] Initialized MultithreadedTaskDispatcher with 8 workers.
[PhysX] Initialized MultithreadedTaskDispatcher with 8 workers.
[PhysX] Initialized MultithreadedTaskDispatcher with 8 workers.
 -> (artifact id: 'de9e7106a0b1fc48f96bb2e0e100f70d') in 0.077815 seconds
Number of updated asset objects reloaded before import = 0
Number of asset objects unloaded after import = 30
========================================================================
Received Import Request.
  Time since last request: 0.167815 seconds.
  path: Assets/Fries and Seagull/Interior 01/Models/Curtain.fbx
  artifactKey: Guid(86dc3b1fefb40b74582178777c4aaa0c) Importer(815301076,1909f56bfc062723c751e8b465ee728b)
Start importing Assets/Fries and Seagull/Interior 01/Models/Curtain.fbx using Guid(86dc3b1fefb40b74582178777c4aaa0c) Importer(815301076,1909f56bfc062723c751e8b465ee728b) [PhysX] Initialized MultithreadedTaskDispatcher with 8 workers.
[PhysX] Initialized MultithreadedTaskDispatcher with 8 workers.
[PhysX] Initialized MultithreadedTaskDispatcher with 8 workers.
[PhysX] Initialized MultithreadedTaskDispatcher with 8 workers.
[PhysX] Initialized MultithreadedTaskDispatcher with 8 workers.
[PhysX] Initialized MultithreadedTaskDispatcher with 8 workers.
[PhysX] Initialized MultithreadedTaskDispatcher with 8 workers.
[PhysX] Initialized MultithreadedTaskDispatcher with 8 workers.
[PhysX] Initialized MultithreadedTaskDispatcher with 8 workers.
[PhysX] Initialized MultithreadedTaskDispatcher with 8 workers.
 -> (artifact id: '018dd6dbbb69457d70142db18b03aa98') in 0.061586 seconds
Number of updated asset objects reloaded before import = 0
Number of asset objects unloaded after import = 21
========================================================================
Received Import Request.
  Time since last request: 6.185050 seconds.
  path: Assets/school/road/doroga — krest.fbx
  artifactKey: Guid(df64657f50132d544870c1de38b5b3d6) Importer(815301076,1909f56bfc062723c751e8b465ee728b)
Start importing Assets/school/road/doroga — krest.fbx using Guid(df64657f50132d544870c1de38b5b3d6) Importer(815301076,1909f56bfc062723c751e8b465ee728b) [PhysX] Initialized MultithreadedTaskDispatcher with 8 workers.
[PhysX] Initialized MultithreadedTaskDispatcher with 8 workers.
[PhysX] Initialized MultithreadedTaskDispatcher with 8 workers.
[PhysX] Initialized MultithreadedTaskDispatcher with 8 workers.
 -> (artifact id: '5cec70a615279d6d0d83d1746e9c0cd9') in 0.028446 seconds
Number of updated asset objects reloaded before import = 0
Number of asset objects unloaded after import = 8
========================================================================
Received Import Request.
  Time since last request: 122.038836 seconds.
  path: Assets/school/Prefabs/props/wall4 (1).prefab
  artifactKey: Guid(288b229db858c114299d1bf70ffc95cd) Importer(815301076,1909f56bfc062723c751e8b465ee728b)
Start importing Assets/school/Prefabs/props/wall4 (1).prefab using Guid(288b229db858c114299d1bf70ffc95cd) Importer(815301076,1909f56bfc062723c751e8b465ee728b) [PhysX] Initialized MultithreadedTaskDispatcher with 8 workers.
[PhysX] Initialized MultithreadedTaskDispatcher with 8 workers.
 -> (artifact id: '61515aa1e8bf0884dc5f192fb9b24801') in 0.028106 seconds
Number of updated asset objects reloaded before import = 0
Number of asset objects unloaded after import = 616
========================================================================
Received Import Request.
  Time since last request: 10.850533 seconds.
  path: Assets/school/Prefabs/props/wall4 (1).prefab
  artifactKey: Guid(288b229db858c114299d1bf70ffc95cd) Importer(815301076,1909f56bfc062723c751e8b465ee728b)
Start importing Assets/school/Prefabs/props/wall4 (1).prefab using Guid(288b229db858c114299d1bf70ffc95cd) Importer(815301076,1909f56bfc062723c751e8b465ee728b) [PhysX] Initialized MultithreadedTaskDispatcher with 8 workers.
[PhysX] Initialized MultithreadedTaskDispatcher with 8 workers.
 -> (artifact id: 'b9ab0ad55a3099dd7ddb942b777f892c') in 0.020880 seconds
Number of updated asset objects reloaded before import = 0
Number of asset objects unloaded after import = 616
========================================================================
Received Import Request.
  Time since last request: 2.651168 seconds.
  path: Assets/school/Prefabs/props/wall4 (1).prefab
  artifactKey: Guid(288b229db858c114299d1bf70ffc95cd) Importer(815301076,1909f56bfc062723c751e8b465ee728b)
Start importing Assets/school/Prefabs/props/wall4 (1).prefab using Guid(288b229db858c114299d1bf70ffc95cd) Importer(815301076,1909f56bfc062723c751e8b465ee728b) [PhysX] Initialized MultithreadedTaskDispatcher with 8 workers.
[PhysX] Initialized MultithreadedTaskDispatcher with 8 workers.
 -> (artifact id: '66ce138f829a0cb240a6d4221c9088a3') in 0.022333 seconds
Number of updated asset objects reloaded before import = 0
Number of asset objects unloaded after import = 616
========================================================================
Received Import Request.
  Time since last request: 2.846875 seconds.
  path: Assets/school/Prefabs/props/wall4 (1).prefab
  artifactKey: Guid(288b229db858c114299d1bf70ffc95cd) Importer(815301076,1909f56bfc062723c751e8b465ee728b)
Start importing Assets/school/Prefabs/props/wall4 (1).prefab using Guid(288b229db858c114299d1bf70ffc95cd) Importer(815301076,1909f56bfc062723c751e8b465ee728b) [PhysX] Initialized MultithreadedTaskDispatcher with 8 workers.
[PhysX] Initialized MultithreadedTaskDispatcher with 8 workers.
 -> (artifact id: '0863f348712fa840e697d28a5be67497') in 0.020577 seconds
Number of updated asset objects reloaded before import = 0
Number of asset objects unloaded after import = 616
========================================================================
Received Import Request.
  Time since last request: 111.356508 seconds.
  path: Assets/school/Prefabs/props/wall4 (1).prefab
  artifactKey: Guid(288b229db858c114299d1bf70ffc95cd) Importer(815301076,1909f56bfc062723c751e8b465ee728b)
Start importing Assets/school/Prefabs/props/wall4 (1).prefab using Guid(288b229db858c114299d1bf70ffc95cd) Importer(815301076,1909f56bfc062723c751e8b465ee728b) [PhysX] Initialized MultithreadedTaskDispatcher with 8 workers.
[PhysX] Initialized MultithreadedTaskDispatcher with 8 workers.
 -> (artifact id: 'f57d0e6c1f03fb0ab493149c8ef3f1af') in 0.016270 seconds
Number of updated asset objects reloaded before import = 0
Number of asset objects unloaded after import = 21
========================================================================
Received Import Request.
  Time since last request: 18.782398 seconds.
  path: Assets/school/Prefabs/props/wall4 (2).prefab
  artifactKey: Guid(4af663313fdc5d04889a6710948329c3) Importer(815301076,1909f56bfc062723c751e8b465ee728b)
Start importing Assets/school/Prefabs/props/wall4 (2).prefab using Guid(4af663313fdc5d04889a6710948329c3) Importer(815301076,1909f56bfc062723c751e8b465ee728b) [PhysX] Initialized MultithreadedTaskDispatcher with 8 workers.
[PhysX] Initialized MultithreadedTaskDispatcher with 8 workers.
 -> (artifact id: '95891e3fef69b37e911d9d1d9c0899ef') in 0.020386 seconds
Number of updated asset objects reloaded before import = 0
Number of asset objects unloaded after import = 50
========================================================================
Received Import Request.
  Time since last request: 6.949738 seconds.
  path: Assets/school/Prefabs/props/wall4 (2).prefab
  artifactKey: Guid(4af663313fdc5d04889a6710948329c3) Importer(815301076,1909f56bfc062723c751e8b465ee728b)
Start importing Assets/school/Prefabs/props/wall4 (2).prefab using Guid(4af663313fdc5d04889a6710948329c3) Importer(815301076,1909f56bfc062723c751e8b465ee728b) [PhysX] Initialized MultithreadedTaskDispatcher with 8 workers.
[PhysX] Initialized MultithreadedTaskDispatcher with 8 workers.
 -> (artifact id: '5c87c72085f4de15d6483e90b9af61f6') in 0.017531 seconds
Number of updated asset objects reloaded before import = 0
Number of asset objects unloaded after import = 50
========================================================================
Received Import Request.
  Time since last request: 7.022580 seconds.
  path: Assets/school/Prefabs/props/wall4 (2).prefab
  artifactKey: Guid(4af663313fdc5d04889a6710948329c3) Importer(815301076,1909f56bfc062723c751e8b465ee728b)
Start importing Assets/school/Prefabs/props/wall4 (2).prefab using Guid(4af663313fdc5d04889a6710948329c3) Importer(815301076,1909f56bfc062723c751e8b465ee728b) [PhysX] Initialized MultithreadedTaskDispatcher with 8 workers.
[PhysX] Initialized MultithreadedTaskDispatcher with 8 workers.
 -> (artifact id: '284577a430f1610cd983f05ead3639b2') in 0.019499 seconds
Number of updated asset objects reloaded before import = 0
Number of asset objects unloaded after import = 50
========================================================================
Received Import Request.
  Time since last request: 8.379143 seconds.
  path: Assets/school/Prefabs/props/wall4 (2).prefab
  artifactKey: Guid(4af663313fdc5d04889a6710948329c3) Importer(815301076,1909f56bfc062723c751e8b465ee728b)
Start importing Assets/school/Prefabs/props/wall4 (2).prefab using Guid(4af663313fdc5d04889a6710948329c3) Importer(815301076,1909f56bfc062723c751e8b465ee728b) [PhysX] Initialized MultithreadedTaskDispatcher with 8 workers.
[PhysX] Initialized MultithreadedTaskDispatcher with 8 workers.
 -> (artifact id: '0ab1b191652e0a3b6370601fab8cad31') in 0.017800 seconds
Number of updated asset objects reloaded before import = 0
Number of asset objects unloaded after import = 50
========================================================================
Received Import Request.
  Time since last request: 9.216103 seconds.
  path: Assets/school/Prefabs/props/wall4 (2).prefab
  artifactKey: Guid(4af663313fdc5d04889a6710948329c3) Importer(815301076,1909f56bfc062723c751e8b465ee728b)
Start importing Assets/school/Prefabs/props/wall4 (2).prefab using Guid(4af663313fdc5d04889a6710948329c3) Importer(815301076,1909f56bfc062723c751e8b465ee728b) [PhysX] Initialized MultithreadedTaskDispatcher with 8 workers.
[PhysX] Initialized MultithreadedTaskDispatcher with 8 workers.
 -> (artifact id: '672d64b2ceb895afe411daa28175c422') in 0.018740 seconds
Number of updated asset objects reloaded before import = 0
Number of asset objects unloaded after import = 50
========================================================================
Received Import Request.
  Time since last request: 17.857889 seconds.
  path: Assets/school/Prefabs/props/wall4 (2).prefab
  artifactKey: Guid(4af663313fdc5d04889a6710948329c3) Importer(815301076,1909f56bfc062723c751e8b465ee728b)
Start importing Assets/school/Prefabs/props/wall4 (2).prefab using Guid(4af663313fdc5d04889a6710948329c3) Importer(815301076,1909f56bfc062723c751e8b465ee728b) [PhysX] Initialized MultithreadedTaskDispatcher with 8 workers.
[PhysX] Initialized MultithreadedTaskDispatcher with 8 workers.
 -> (artifact id: '2a5245d886dfacc1f3d7b5b6347926f9') in 0.017149 seconds
Number of updated asset objects reloaded before import = 0
Number of asset objects unloaded after import = 55
========================================================================
Received Import Request.
  Time since last request: 5.093703 seconds.
  path: Assets/school/Prefabs/props/wall4 (2).prefab
  artifactKey: Guid(4af663313fdc5d04889a6710948329c3) Importer(815301076,1909f56bfc062723c751e8b465ee728b)
Start importing Assets/school/Prefabs/props/wall4 (2).prefab using Guid(4af663313fdc5d04889a6710948329c3) Importer(815301076,1909f56bfc062723c751e8b465ee728b) [PhysX] Initialized MultithreadedTaskDispatcher with 8 workers.
[PhysX] Initialized MultithreadedTaskDispatcher with 8 workers.
 -> (artifact id: '7bf192289d94e19074052764acfbcc9a') in 0.017020 seconds
Number of updated asset objects reloaded before import = 0
Number of asset objects unloaded after import = 55
========================================================================
Received Import Request.
  Time since last request: 3.433285 seconds.
  path: Assets/school/Prefabs/props/wall4 (2).prefab
  artifactKey: Guid(4af663313fdc5d04889a6710948329c3) Importer(815301076,1909f56bfc062723c751e8b465ee728b)
Start importing Assets/school/Prefabs/props/wall4 (2).prefab using Guid(4af663313fdc5d04889a6710948329c3) Importer(815301076,1909f56bfc062723c751e8b465ee728b) [PhysX] Initialized MultithreadedTaskDispatcher with 8 workers.
[PhysX] Initialized MultithreadedTaskDispatcher with 8 workers.
 -> (artifact id: '720b618b8a54c4cd9cbc2ac917850214') in 0.017539 seconds
Number of updated asset objects reloaded before import = 0
Number of asset objects unloaded after import = 55
========================================================================
Received Import Request.
  Time since last request: 6.176653 seconds.
  path: Assets/school/Prefabs/props/wall4 (2).prefab
  artifactKey: Guid(4af663313fdc5d04889a6710948329c3) Importer(815301076,1909f56bfc062723c751e8b465ee728b)
Start importing Assets/school/Prefabs/props/wall4 (2).prefab using Guid(4af663313fdc5d04889a6710948329c3) Importer(815301076,1909f56bfc062723c751e8b465ee728b) [PhysX] Initialized MultithreadedTaskDispatcher with 8 workers.
[PhysX] Initialized MultithreadedTaskDispatcher with 8 workers.
 -> (artifact id: '2a1b58e45d0aa295f6d9ee157b652248') in 0.017532 seconds
Number of updated asset objects reloaded before import = 0
Number of asset objects unloaded after import = 55
========================================================================
Received Import Request.
  Time since last request: 15.387180 seconds.
  path: Assets/school/Prefabs/props/wall4 (2).prefab
  artifactKey: Guid(4af663313fdc5d04889a6710948329c3) Importer(815301076,1909f56bfc062723c751e8b465ee728b)
Start importing Assets/school/Prefabs/props/wall4 (2).prefab using Guid(4af663313fdc5d04889a6710948329c3) Importer(815301076,1909f56bfc062723c751e8b465ee728b) [PhysX] Initialized MultithreadedTaskDispatcher with 8 workers.
[PhysX] Initialized MultithreadedTaskDispatcher with 8 workers.
 -> (artifact id: 'abc5eefe85b1222f4f47e8cd6bd0f73e') in 0.010839 seconds
Number of updated asset objects reloaded before import = 0
Number of asset objects unloaded after import = 55
========================================================================
Received Import Request.
  Time since last request: 277.356091 seconds.
  path: Assets/school/Prefabs/props/wall4 (2).prefab
  artifactKey: Guid(4af663313fdc5d04889a6710948329c3) Importer(815301076,1909f56bfc062723c751e8b465ee728b)
Start importing Assets/school/Prefabs/props/wall4 (2).prefab using Guid(4af663313fdc5d04889a6710948329c3) Importer(815301076,1909f56bfc062723c751e8b465ee728b) [PhysX] Initialized MultithreadedTaskDispatcher with 8 workers.
[PhysX] Initialized MultithreadedTaskDispatcher with 8 workers.
 -> (artifact id: 'c3a04378099a72d099617ef02a86c367') in 0.022297 seconds
Number of updated asset objects reloaded before import = 0
Number of asset objects unloaded after import = 41
========================================================================
Received Import Request.
  Time since last request: 14.418362 seconds.
  path: Assets/school/Prefabs/props/wall4 (2).prefab
  artifactKey: Guid(4af663313fdc5d04889a6710948329c3) Importer(815301076,1909f56bfc062723c751e8b465ee728b)
Start importing Assets/school/Prefabs/props/wall4 (2).prefab using Guid(4af663313fdc5d04889a6710948329c3) Importer(815301076,1909f56bfc062723c751e8b465ee728b) [PhysX] Initialized MultithreadedTaskDispatcher with 8 workers.
[PhysX] Initialized MultithreadedTaskDispatcher with 8 workers.
 -> (artifact id: 'f188fad604c2f1b3b7c75b52b8179ed7') in 0.009535 seconds
Number of updated asset objects reloaded before import = 0
Number of asset objects unloaded after import = 46
========================================================================
Received Import Request.
  Time since last request: 8.347320 seconds.
  path: Assets/school/Prefabs/props/wall4.prefab
  artifactKey: Guid(2d0d657c1182735489e24a5ce302b99c) Importer(815301076,1909f56bfc062723c751e8b465ee728b)
Start importing Assets/school/Prefabs/props/wall4.prefab using Guid(2d0d657c1182735489e24a5ce302b99c) Importer(815301076,1909f56bfc062723c751e8b465ee728b) [PhysX] Initialized MultithreadedTaskDispatcher with 8 workers.
[PhysX] Initialized MultithreadedTaskDispatcher with 8 workers.
 -> (artifact id: '5ecf07bdb336b2043c56bac9a661efac') in 0.016588 seconds
Number of updated asset objects reloaded before import = 0
Number of asset objects unloaded after import = 21
========================================================================
Received Import Request.
  Time since last request: 3.687307 seconds.
  path: Assets/school/Prefabs/props/wall4.prefab
  artifactKey: Guid(2d0d657c1182735489e24a5ce302b99c) Importer(815301076,1909f56bfc062723c751e8b465ee728b)
Start importing Assets/school/Prefabs/props/wall4.prefab using Guid(2d0d657c1182735489e24a5ce302b99c) Importer(815301076,1909f56bfc062723c751e8b465ee728b) [PhysX] Initialized MultithreadedTaskDispatcher with 8 workers.
[PhysX] Initialized MultithreadedTaskDispatcher with 8 workers.
 -> (artifact id: '0039b631250b66b32eff730862343226') in 0.016339 seconds
Number of updated asset objects reloaded before import = 0
Number of asset objects unloaded after import = 21
========================================================================
Received Import Request.
  Time since last request: 9.617229 seconds.
  path: Assets/school/Prefabs/props/wall4.prefab
  artifactKey: Guid(2d0d657c1182735489e24a5ce302b99c) Importer(815301076,1909f56bfc062723c751e8b465ee728b)
Start importing Assets/school/Prefabs/props/wall4.prefab using Guid(2d0d657c1182735489e24a5ce302b99c) Importer(815301076,1909f56bfc062723c751e8b465ee728b) [PhysX] Initialized MultithreadedTaskDispatcher with 8 workers.
[PhysX] Initialized MultithreadedTaskDispatcher with 8 workers.
 -> (artifact id: 'ca99a7139798d5f7f0777c4a3a58aea2') in 0.017636 seconds
Number of updated asset objects reloaded before import = 0
Number of asset objects unloaded after import = 21
========================================================================
Received Import Request.
  Time since last request: 7.345581 seconds.
  path: Assets/school/Prefabs/props/wall4.prefab
  artifactKey: Guid(2d0d657c1182735489e24a5ce302b99c) Importer(815301076,1909f56bfc062723c751e8b465ee728b)
Start importing Assets/school/Prefabs/props/wall4.prefab using Guid(2d0d657c1182735489e24a5ce302b99c) Importer(815301076,1909f56bfc062723c751e8b465ee728b) [PhysX] Initialized MultithreadedTaskDispatcher with 8 workers.
[PhysX] Initialized MultithreadedTaskDispatcher with 8 workers.
 -> (artifact id: 'fb391a82d1ef7cdcee557d4a4276bac0') in 0.020823 seconds
Number of updated asset objects reloaded before import = 0
Number of asset objects unloaded after import = 21
========================================================================
Received Import Request.
  Time since last request: 3.276096 seconds.
  path: Assets/school/Prefabs/props/wall4.prefab
  artifactKey: Guid(2d0d657c1182735489e24a5ce302b99c) Importer(815301076,1909f56bfc062723c751e8b465ee728b)
Start importing Assets/school/Prefabs/props/wall4.prefab using Guid(2d0d657c1182735489e24a5ce302b99c) Importer(815301076,1909f56bfc062723c751e8b465ee728b) [PhysX] Initialized MultithreadedTaskDispatcher with 8 workers.
[PhysX] Initialized MultithreadedTaskDispatcher with 8 workers.
 -> (artifact id: 'd43525a9ed4aebabf90de0364d6dfffa') in 0.018977 seconds
Number of updated asset objects reloaded before import = 0
Number of asset objects unloaded after import = 26
========================================================================
Received Import Request.
  Time since last request: 9.283699 seconds.
  path: Assets/school/Prefabs/props/wall4.prefab
  artifactKey: Guid(2d0d657c1182735489e24a5ce302b99c) Importer(815301076,1909f56bfc062723c751e8b465ee728b)
Start importing Assets/school/Prefabs/props/wall4.prefab using Guid(2d0d657c1182735489e24a5ce302b99c) Importer(815301076,1909f56bfc062723c751e8b465ee728b) [PhysX] Initialized MultithreadedTaskDispatcher with 8 workers.
[PhysX] Initialized MultithreadedTaskDispatcher with 8 workers.
 -> (artifact id: '5a541f8e753f32e9f8b6fe835f2ed562') in 0.017452 seconds
Number of updated asset objects reloaded before import = 0
Number of asset objects unloaded after import = 26
========================================================================
Received Import Request.
  Time since last request: 8.156987 seconds.
  path: Assets/school/Prefabs/props/wall4.prefab
  artifactKey: Guid(2d0d657c1182735489e24a5ce302b99c) Importer(815301076,1909f56bfc062723c751e8b465ee728b)
Start importing Assets/school/Prefabs/props/wall4.prefab using Guid(2d0d657c1182735489e24a5ce302b99c) Importer(815301076,1909f56bfc062723c751e8b465ee728b) [PhysX] Initialized MultithreadedTaskDispatcher with 8 workers.
[PhysX] Initialized MultithreadedTaskDispatcher with 8 workers.
 -> (artifact id: '98c4e84a2ca57c7cdab245a82e809f32') in 0.016482 seconds
Number of updated asset objects reloaded before import = 0
Number of asset objects unloaded after import = 26
========================================================================
Received Import Request.
  Time since last request: 6.893019 seconds.
  path: Assets/school/Prefabs/props/wall4.prefab
  artifactKey: Guid(2d0d657c1182735489e24a5ce302b99c) Importer(815301076,1909f56bfc062723c751e8b465ee728b)
Start importing Assets/school/Prefabs/props/wall4.prefab using Guid(2d0d657c1182735489e24a5ce302b99c) Importer(815301076,1909f56bfc062723c751e8b465ee728b) [PhysX] Initialized MultithreadedTaskDispatcher with 8 workers.
[PhysX] Initialized MultithreadedTaskDispatcher with 8 workers.
 -> (artifact id: '44c179036bd491fc7e21af756133769f') in 0.016994 seconds
Number of updated asset objects reloaded before import = 0
Number of asset objects unloaded after import = 26
========================================================================
Received Import Request.
  Time since last request: 5.113897 seconds.
  path: Assets/school/Prefabs/props/wall4.prefab
  artifactKey: Guid(2d0d657c1182735489e24a5ce302b99c) Importer(815301076,1909f56bfc062723c751e8b465ee728b)
Start importing Assets/school/Prefabs/props/wall4.prefab using Guid(2d0d657c1182735489e24a5ce302b99c) Importer(815301076,1909f56bfc062723c751e8b465ee728b) [PhysX] Initialized MultithreadedTaskDispatcher with 8 workers.
[PhysX] Initialized MultithreadedTaskDispatcher with 8 workers.
 -> (artifact id: '4029694c1a6262091236e8f53a00a73d') in 0.017559 seconds
Number of updated asset objects reloaded before import = 0
Number of asset objects unloaded after import = 31
========================================================================
Received Import Request.
  Time since last request: 12.045385 seconds.
  path: Assets/school/Prefabs/props/wall4.prefab
  artifactKey: Guid(2d0d657c1182735489e24a5ce302b99c) Importer(815301076,1909f56bfc062723c751e8b465ee728b)
Start importing Assets/school/Prefabs/props/wall4.prefab using Guid(2d0d657c1182735489e24a5ce302b99c) Importer(815301076,1909f56bfc062723c751e8b465ee728b) [PhysX] Initialized MultithreadedTaskDispatcher with 8 workers.
[PhysX] Initialized MultithreadedTaskDispatcher with 8 workers.
 -> (artifact id: '15146895bf752cabc7b3d35eb685e831') in 0.019060 seconds
Number of updated asset objects reloaded before import = 0
Number of asset objects unloaded after import = 31
========================================================================
Received Import Request.
  Time since last request: 2.847192 seconds.
  path: Assets/school/Prefabs/props/wall4.prefab
  artifactKey: Guid(2d0d657c1182735489e24a5ce302b99c) Importer(815301076,1909f56bfc062723c751e8b465ee728b)
Start importing Assets/school/Prefabs/props/wall4.prefab using Guid(2d0d657c1182735489e24a5ce302b99c) Importer(815301076,1909f56bfc062723c751e8b465ee728b) [PhysX] Initialized MultithreadedTaskDispatcher with 8 workers.
[PhysX] Initialized MultithreadedTaskDispatcher with 8 workers.
 -> (artifact id: 'b76418d2f1d0a1005f07f617bd35a12d') in 0.017978 seconds
Number of updated asset objects reloaded before import = 0
Number of asset objects unloaded after import = 31
========================================================================
Received Import Request.
  Time since last request: 5.133092 seconds.
  path: Assets/school/Prefabs/props/wall4.prefab
  artifactKey: Guid(2d0d657c1182735489e24a5ce302b99c) Importer(815301076,1909f56bfc062723c751e8b465ee728b)
Start importing Assets/school/Prefabs/props/wall4.prefab using Guid(2d0d657c1182735489e24a5ce302b99c) Importer(815301076,1909f56bfc062723c751e8b465ee728b) [PhysX] Initialized MultithreadedTaskDispatcher with 8 workers.
[PhysX] Initialized MultithreadedTaskDispatcher with 8 workers.
 -> (artifact id: '2cb19e52cd044e351d085326eead069d') in 0.016496 seconds
Number of updated asset objects reloaded before import = 0
Number of asset objects unloaded after import = 31
========================================================================
Received Import Request.
  Time since last request: 3.491062 seconds.
  path: Assets/school/Prefabs/props/wall4.prefab
  artifactKey: Guid(2d0d657c1182735489e24a5ce302b99c) Importer(815301076,1909f56bfc062723c751e8b465ee728b)
Start importing Assets/school/Prefabs/props/wall4.prefab using Guid(2d0d657c1182735489e24a5ce302b99c) Importer(815301076,1909f56bfc062723c751e8b465ee728b) [PhysX] Initialized MultithreadedTaskDispatcher with 8 workers.
[PhysX] Initialized MultithreadedTaskDispatcher with 8 workers.
 -> (artifact id: '8d42cd989b3ea71b49e3cfef981211e8') in 0.017010 seconds
Number of updated asset objects reloaded before import = 0
Number of asset objects unloaded after import = 36
========================================================================
Received Import Request.
  Time since last request: 6.001188 seconds.
  path: Assets/school/Prefabs/props/wall4.prefab
  artifactKey: Guid(2d0d657c1182735489e24a5ce302b99c) Importer(815301076,1909f56bfc062723c751e8b465ee728b)
Start importing Assets/school/Prefabs/props/wall4.prefab using Guid(2d0d657c1182735489e24a5ce302b99c) Importer(815301076,1909f56bfc062723c751e8b465ee728b) [PhysX] Initialized MultithreadedTaskDispatcher with 8 workers.
[PhysX] Initialized MultithreadedTaskDispatcher with 8 workers.
 -> (artifact id: '1628bdc7400995c9a318b450c2549aa7') in 0.017116 seconds
Number of updated asset objects reloaded before import = 0
Number of asset objects unloaded after import = 36
========================================================================
Received Import Request.
  Time since last request: 4.921071 seconds.
  path: Assets/school/Prefabs/props/wall4.prefab
  artifactKey: Guid(2d0d657c1182735489e24a5ce302b99c) Importer(815301076,1909f56bfc062723c751e8b465ee728b)
Start importing Assets/school/Prefabs/props/wall4.prefab using Guid(2d0d657c1182735489e24a5ce302b99c) Importer(815301076,1909f56bfc062723c751e8b465ee728b) [PhysX] Initialized MultithreadedTaskDispatcher with 8 workers.
[PhysX] Initialized MultithreadedTaskDispatcher with 8 workers.
 -> (artifact id: '692eacdccd230df9e88f7f20925b77e6') in 0.017018 seconds
Number of updated asset objects reloaded before import = 0
Number of asset objects unloaded after import = 36
========================================================================
Received Import Request.
  Time since last request: 2.649028 seconds.
  path: Assets/school/Prefabs/props/wall4.prefab
  artifactKey: Guid(2d0d657c1182735489e24a5ce302b99c) Importer(815301076,1909f56bfc062723c751e8b465ee728b)
Start importing Assets/school/Prefabs/props/wall4.prefab using Guid(2d0d657c1182735489e24a5ce302b99c) Importer(815301076,1909f56bfc062723c751e8b465ee728b) [PhysX] Initialized MultithreadedTaskDispatcher with 8 workers.
[PhysX] Initialized MultithreadedTaskDispatcher with 8 workers.
 -> (artifact id: 'b3a5575945f0859ec75f1e88b1ae1e9d') in 0.017922 seconds
Number of updated asset objects reloaded before import = 0
Number of asset objects unloaded after import = 41
========================================================================
Received Import Request.
  Time since last request: 5.490747 seconds.
  path: Assets/school/Prefabs/props/wall4.prefab
  artifactKey: Guid(2d0d657c1182735489e24a5ce302b99c) Importer(815301076,1909f56bfc062723c751e8b465ee728b)
Start importing Assets/school/Prefabs/props/wall4.prefab using Guid(2d0d657c1182735489e24a5ce302b99c) Importer(815301076,1909f56bfc062723c751e8b465ee728b) [PhysX] Initialized MultithreadedTaskDispatcher with 8 workers.
[PhysX] Initialized MultithreadedTaskDispatcher with 8 workers.
 -> (artifact id: 'a31c18bb4a3981af9cc0d837d7bc1ac5') in 0.016909 seconds
Number of updated asset objects reloaded before import = 0
Number of asset objects unloaded after import = 41
========================================================================
Received Import Request.
  Time since last request: 2.859477 seconds.
  path: Assets/school/Prefabs/props/wall4.prefab
  artifactKey: Guid(2d0d657c1182735489e24a5ce302b99c) Importer(815301076,1909f56bfc062723c751e8b465ee728b)
Start importing Assets/school/Prefabs/props/wall4.prefab using Guid(2d0d657c1182735489e24a5ce302b99c) Importer(815301076,1909f56bfc062723c751e8b465ee728b) [PhysX] Initialized MultithreadedTaskDispatcher with 8 workers.
[PhysX] Initialized MultithreadedTaskDispatcher with 8 workers.
 -> (artifact id: '227847233d39996697d4dd9f5f601f63') in 0.019797 seconds
Number of updated asset objects reloaded before import = 0
Number of asset objects unloaded after import = 41
========================================================================
Received Import Request.
  Time since last request: 3.221277 seconds.
  path: Assets/school/Prefabs/props/wall4.prefab
  artifactKey: Guid(2d0d657c1182735489e24a5ce302b99c) Importer(815301076,1909f56bfc062723c751e8b465ee728b)
Start importing Assets/school/Prefabs/props/wall4.prefab using Guid(2d0d657c1182735489e24a5ce302b99c) Importer(815301076,1909f56bfc062723c751e8b465ee728b) [PhysX] Initialized MultithreadedTaskDispatcher with 8 workers.
[PhysX] Initialized MultithreadedTaskDispatcher with 8 workers.
 -> (artifact id: '3055c9b2ca82c685c1329403c8b8fa04') in 0.018074 seconds
Number of updated asset objects reloaded before import = 0
Number of asset objects unloaded after import = 41
========================================================================
Received Import Request.
  Time since last request: 2.243882 seconds.
  path: Assets/school/Prefabs/props/wall4.prefab
  artifactKey: Guid(2d0d657c1182735489e24a5ce302b99c) Importer(815301076,1909f56bfc062723c751e8b465ee728b)
Start importing Assets/school/Prefabs/props/wall4.prefab using Guid(2d0d657c1182735489e24a5ce302b99c) Importer(815301076,1909f56bfc062723c751e8b465ee728b) [PhysX] Initialized MultithreadedTaskDispatcher with 8 workers.
[PhysX] Initialized MultithreadedTaskDispatcher with 8 workers.
 -> (artifact id: '647b5c9519d07384d0b9776730a0d482') in 0.016697 seconds
Number of updated asset objects reloaded before import = 0
Number of asset objects unloaded after import = 41
========================================================================
Received Import Request.
  Time since last request: 6.348727 seconds.
  path: Assets/school/Prefabs/props/wall4.prefab
  artifactKey: Guid(2d0d657c1182735489e24a5ce302b99c) Importer(815301076,1909f56bfc062723c751e8b465ee728b)
Start importing Assets/school/Prefabs/props/wall4.prefab using Guid(2d0d657c1182735489e24a5ce302b99c) Importer(815301076,1909f56bfc062723c751e8b465ee728b) [PhysX] Initialized MultithreadedTaskDispatcher with 8 workers.
[PhysX] Initialized MultithreadedTaskDispatcher with 8 workers.
 -> (artifact id: '8bb8dbbe6bb9a6c96ca67fd078f3c29e') in 0.010274 seconds
Number of updated asset objects reloaded before import = 0
Number of asset objects unloaded after import = 41
========================================================================
Received Import Request.
  Time since last request: 5.913209 seconds.
  path: Assets/school/Prefabs/props/wall4.prefab
  artifactKey: Guid(2d0d657c1182735489e24a5ce302b99c) Importer(815301076,1909f56bfc062723c751e8b465ee728b)
Start importing Assets/school/Prefabs/props/wall4.prefab using Guid(2d0d657c1182735489e24a5ce302b99c) Importer(815301076,1909f56bfc062723c751e8b465ee728b) [PhysX] Initialized MultithreadedTaskDispatcher with 8 workers.
[PhysX] Initialized MultithreadedTaskDispatcher with 8 workers.
 -> (artifact id: '47e7ec1f856b6241c766bc7a2b649400') in 0.019159 seconds
Number of updated asset objects reloaded before import = 0
Number of asset objects unloaded after import = 41
========================================================================
Received Prepare
Caller must complete domain reload
Begin MonoManager ReloadAssembly
- Loaded All Assemblies, in  1.732 seconds
Native extension for WindowsStandalone target not found
Native extension for WebGL target not found
Mono: successfully reloaded assembly
- Finished resetting the current domain, in  1.462 seconds
Domain Reload Profiling: 3191ms
	BeginReloadAssembly (1062ms)
		ExecutionOrderSort (0ms)
		DisableScriptedObjects (840ms)
		BackupInstance (0ms)
		ReleaseScriptingObjects (0ms)
		CreateAndSetChildDomain (59ms)
	RebuildCommonClasses (42ms)
	RebuildNativeTypeToScriptingClass (23ms)
	initialDomainReloadingComplete (47ms)
	LoadAllAssembliesAndSetupDomain (555ms)
		LoadAssemblies (631ms)
		RebuildTransferFunctionScriptingTraits (0ms)
		AnalyzeDomain (39ms)
			TypeCache.Refresh (14ms)
				TypeCache.ScanAssembly (0ms)
			ScanForSourceGeneratedMonoScriptInfo (1ms)
			ResolveRequiredComponents (22ms)
	FinalizeReload (1463ms)
		ReleaseScriptCaches (0ms)
		RebuildScriptCaches (0ms)
		SetupLoadedEditorAssemblies (1064ms)
			LogAssemblyErrors (0ms)
			InitializePlatformSupportModulesInManaged (18ms)
			SetLoadedEditorAssemblies (7ms)
			RefreshPlugins (0ms)
			BeforeProcessingInitializeOnLoad (170ms)
			ProcessInitializeOnLoadAttributes (718ms)
			ProcessInitializeOnLoadMethodAttributes (138ms)
			AfterProcessingInitializeOnLoad (14ms)
			EditorAssembliesLoaded (0ms)
		ExecutionOrderSort2 (0ms)
		AwakeInstancesAfterBackupRestoration (27ms)
Refreshing native plugins compatible for Editor in 11.14 ms, found 4 plugins.
Preloading 0 native plugins for Editor in 0.00 ms.
Unloading 5758 Unused Serialized files (Serialized files now loaded: 0)
Unloading 36 unused Assets / (2.4 MB). Loaded Objects now: 6425.
Memory consumption went from 215.0 MB to 212.6 MB.
Total: 7.937900 ms (FindLiveObjects: 1.301400 ms CreateObjectMapping: 0.965800 ms MarkObjects: 4.616100 ms  DeleteObjects: 1.053000 ms)

Prepare: number of updated asset objects reloaded= 0
AssetImportParameters requested are different than current active one (requested -> active):
  custom:container-demuxer-ogg: 62fdf1f143b41e24485cea50d1cbac27 -> 
  custom:video-codec-MediaFoundation-h265: 746d11721c4dcdbdad8f713fa42b33f4 -> 
  custom:video-decoder-ogg-theora: a1e56fd34408186e4bbccfd4996cb3dc -> 
  custom:framework-win-MediaFoundation: 216162199b28c13a410421893ffa2e32 -> 
  custom:CustomObjectIndexerAttribute: 3ead1caaecf1c488f20bcfeb224b6af5 -> 
  custom:container-demuxer-webm: 4f35f7cbe854078d1ac9338744f61a02 -> 
  custom:container-muxer-webm: aa71ff27fc2769a1b78a27578f13a17b -> 
  custom:video-decoder-webm-vp8: 9c59270c3fd7afecdb556c50c9e8de78 -> 
  custom:SearchIndexIgnoredProperties: e643bd26f0fe6173181afceb89e7c659 -> 
  custom:AudioImporter_EditorPlatform: d09bf68614088b80899f8185d706f6e7 -> 
  custom:video-encoder-webm-vp8: eb34c28f22e8b96e1ab97ce403110664 -> 
  custom:audio-decoder-ogg-vorbis: bf7c407c2cedff20999df2af8eb42d56 -> 
  custom:audio-encoder-webm-vorbis: bf7c407c2cedff20999df2af8eb42d56 -> 
========================================================================
Received Import Request.
  Time since last request: 378.308454 seconds.
  path: Assets/Office Pack/Texture
  artifactKey: Guid(5d004fa19772a4a47b0c5f30211ba104) Importer(815301076,1909f56bfc062723c751e8b465ee728b)
Start importing Assets/Office Pack/Texture using Guid(5d004fa19772a4a47b0c5f30211ba104) Importer(815301076,1909f56bfc062723c751e8b465ee728b) [PhysX] Initialized MultithreadedTaskDispatcher with 8 workers.
 -> (artifact id: 'b64993ee2bc2a454a7f2604e34edc362') in 0.003663 seconds
Number of updated asset objects reloaded before import = 0
Number of asset objects unloaded after import = 0
========================================================================
Received Import Request.
  Time since last request: 0.030210 seconds.
  path: Assets/Office Pack/Texture/Default_Color Pallete.png
  artifactKey: Guid(90006cc7debb02943b1e49588979d419) Importer(815301076,1909f56bfc062723c751e8b465ee728b)
Start importing Assets/Office Pack/Texture/Default_Color Pallete.png using Guid(90006cc7debb02943b1e49588979d419) Importer(815301076,1909f56bfc062723c751e8b465ee728b) [PhysX] Initialized MultithreadedTaskDispatcher with 8 workers.
[PhysX] Initialized MultithreadedTaskDispatcher with 8 workers.
 -> (artifact id: 'ad25bf8a3d4454684ff9966aca22fd3b') in 0.072874 seconds
Number of updated asset objects reloaded before import = 0
Number of asset objects unloaded after import = 2
========================================================================
Received Import Request.
  Time since last request: 0.864539 seconds.
  path: Assets/Office Pack/Texture/Materials
  artifactKey: Guid(9ee3cbd828bd03142b8ab031fbcd44c9) Importer(815301076,1909f56bfc062723c751e8b465ee728b)
Start importing Assets/Office Pack/Texture/Materials using Guid(9ee3cbd828bd03142b8ab031fbcd44c9) Importer(815301076,1909f56bfc062723c751e8b465ee728b) [PhysX] Initialized MultithreadedTaskDispatcher with 8 workers.
 -> (artifact id: 'a5ebdf9013815a51de54ebccfa124a77') in 0.000966 seconds
Number of updated asset objects reloaded before import = 0
Number of asset objects unloaded after import = 0
========================================================================
Received Import Request.
  Time since last request: 17.451270 seconds.
  path: Assets/FastMesh/Materials
  artifactKey: Guid(49228396492d779428fc5de06c9c3e23) Importer(815301076,1909f56bfc062723c751e8b465ee728b)
Start importing Assets/FastMesh/Materials using Guid(49228396492d779428fc5de06c9c3e23) Importer(815301076,1909f56bfc062723c751e8b465ee728b) [PhysX] Initialized MultithreadedTaskDispatcher with 8 workers.
 -> (artifact id: 'b9e778898c3b4b022e73718cd54dabc0') in 0.000785 seconds
Number of updated asset objects reloaded before import = 0
Number of asset objects unloaded after import = 0
========================================================================
Received Import Request.
  Time since last request: 8.920041 seconds.
  path: Assets/Fries and Seagull/Interior 01/Prefabs/Air Conditioner Ext.prefab
  artifactKey: Guid(0291aaffe4788f44093f251e3e5f74f8) Importer(815301076,1909f56bfc062723c751e8b465ee728b)
Start importing Assets/Fries and Seagull/Interior 01/Prefabs/Air Conditioner Ext.prefab using Guid(0291aaffe4788f44093f251e3e5f74f8) Importer(815301076,1909f56bfc062723c751e8b465ee728b) [PhysX] Initialized MultithreadedTaskDispatcher with 8 workers.
 -> (artifact id: '038dcbd617f75ec15be7d367235359e6') in 0.001277 seconds
Number of updated asset objects reloaded before import = 0
Number of asset objects unloaded after import = 0
========================================================================
Received Import Request.
  Time since last request: 0.001351 seconds.
  path: Assets/Fries and Seagull/Interior 01/Prefabs/Air Conditioner Ext. Wireless.prefab
  artifactKey: Guid(80797f014bde8854e9dc3cf9f92e6282) Importer(815301076,1909f56bfc062723c751e8b465ee728b)
Start importing Assets/Fries and Seagull/Interior 01/Prefabs/Air Conditioner Ext. Wireless.prefab using Guid(80797f014bde8854e9dc3cf9f92e6282) Importer(815301076,1909f56bfc062723c751e8b465ee728b) [PhysX] Initialized MultithreadedTaskDispatcher with 8 workers.
 -> (artifact id: 'eef71e708d0bf6c097ac736991713375') in 0.001182 seconds
Number of updated asset objects reloaded before import = 0
Number of asset objects unloaded after import = 0
========================================================================
Received Import Request.
  Time since last request: 0.007144 seconds.
  path: Assets/Fries and Seagull/Interior 01/Prefabs/Air Conditioner Int. Wireless.prefab
  artifactKey: Guid(16c4aff8b3513c24c9462cbf6a2f8ee7) Importer(815301076,1909f56bfc062723c751e8b465ee728b)
Start importing Assets/Fries and Seagull/Interior 01/Prefabs/Air Conditioner Int. Wireless.prefab using Guid(16c4aff8b3513c24c9462cbf6a2f8ee7) Importer(815301076,1909f56bfc062723c751e8b465ee728b) [PhysX] Initialized MultithreadedTaskDispatcher with 8 workers.
 -> (artifact id: 'a3cfc2695d85e346235a33b05a9c4b03') in 0.001044 seconds
Number of updated asset objects reloaded before import = 0
Number of asset objects unloaded after import = 0
========================================================================
Received Import Request.
  Time since last request: 0.055046 seconds.
  path: Assets/Fries and Seagull/Interior 01/Prefabs/Ceilling Light.prefab
  artifactKey: Guid(943bb5fa6ac782143b7561037a737f5c) Importer(815301076,1909f56bfc062723c751e8b465ee728b)
Start importing Assets/Fries and Seagull/Interior 01/Prefabs/Ceilling Light.prefab using Guid(943bb5fa6ac782143b7561037a737f5c) Importer(815301076,1909f56bfc062723c751e8b465ee728b) [PhysX] Initialized MultithreadedTaskDispatcher with 8 workers.
 -> (artifact id: '1b694974f48cc29968c5fea9f122f445') in 0.001314 seconds
Number of updated asset objects reloaded before import = 0
Number of asset objects unloaded after import = 0
========================================================================
Received Import Request.
  Time since last request: 0.004804 seconds.
  path: Assets/Fries and Seagull/Interior 01/Prefabs/Computer.prefab
  artifactKey: Guid(0cfb98e1488cb9948a9dc462f0771e9e) Importer(815301076,1909f56bfc062723c751e8b465ee728b)
Start importing Assets/Fries and Seagull/Interior 01/Prefabs/Computer.prefab using Guid(0cfb98e1488cb9948a9dc462f0771e9e) Importer(815301076,1909f56bfc062723c751e8b465ee728b) [PhysX] Initialized MultithreadedTaskDispatcher with 8 workers.
 -> (artifact id: '43f12c727dc6967047b32eba9df199e8') in 0.001245 seconds
Number of updated asset objects reloaded before import = 0
Number of asset objects unloaded after import = 0
========================================================================
Received Import Request.
  Time since last request: 0.009230 seconds.
  path: Assets/Fries and Seagull/Interior 01/Prefabs/Computer Monitor.prefab
  artifactKey: Guid(e957031badb353f44884ce0bb321c2a2) Importer(815301076,1909f56bfc062723c751e8b465ee728b)
Start importing Assets/Fries and Seagull/Interior 01/Prefabs/Computer Monitor.prefab using Guid(e957031badb353f44884ce0bb321c2a2) Importer(815301076,1909f56bfc062723c751e8b465ee728b) [PhysX] Initialized MultithreadedTaskDispatcher with 8 workers.
 -> (artifact id: 'ad555bdd3cefb41da3b0dd1c8f479a1e') in 0.000904 seconds
Number of updated asset objects reloaded before import = 0
Number of asset objects unloaded after import = 0
========================================================================
Received Import Request.
  Time since last request: 0.031242 seconds.
  path: Assets/Fries and Seagull/Interior 01/Prefabs/Kettle.prefab
  artifactKey: Guid(6ae2dc7ac106db346bcdc8628a35c716) Importer(815301076,1909f56bfc062723c751e8b465ee728b)
Start importing Assets/Fries and Seagull/Interior 01/Prefabs/Kettle.prefab using Guid(6ae2dc7ac106db346bcdc8628a35c716) Importer(815301076,1909f56bfc062723c751e8b465ee728b) [PhysX] Initialized MultithreadedTaskDispatcher with 8 workers.
 -> (artifact id: '303cc0cd5ccb57ee821e1279736cd056') in 0.001286 seconds
Number of updated asset objects reloaded before import = 0
Number of asset objects unloaded after import = 0
========================================================================
Received Import Request.
  Time since last request: 0.003318 seconds.
  path: Assets/Fries and Seagull/Interior 01/Prefabs/Office Chair.prefab
  artifactKey: Guid(4343c522f48efe0438dca65d10544789) Importer(815301076,1909f56bfc062723c751e8b465ee728b)
Start importing Assets/Fries and Seagull/Interior 01/Prefabs/Office Chair.prefab using Guid(4343c522f48efe0438dca65d10544789) Importer(815301076,1909f56bfc062723c751e8b465ee728b) [PhysX] Initialized MultithreadedTaskDispatcher with 8 workers.
 -> (artifact id: '577197815d61610e1f868463b97712c9') in 0.001210 seconds
Number of updated asset objects reloaded before import = 0
Number of asset objects unloaded after import = 0
========================================================================
Received Import Request.
  Time since last request: 0.056573 seconds.
  path: Assets/Fries and Seagull/Interior 01/Prefabs/Suitcase.prefab
  artifactKey: Guid(8a26cc9a385595b40a0c16afeac032fd) Importer(815301076,1909f56bfc062723c751e8b465ee728b)
Start importing Assets/Fries and Seagull/Interior 01/Prefabs/Suitcase.prefab using Guid(8a26cc9a385595b40a0c16afeac032fd) Importer(815301076,1909f56bfc062723c751e8b465ee728b) [PhysX] Initialized MultithreadedTaskDispatcher with 8 workers.
 -> (artifact id: '6dc87b541a592abec26704fffc5f6bd6') in 0.001163 seconds
Number of updated asset objects reloaded before import = 0
Number of asset objects unloaded after import = 0
========================================================================
Received Import Request.
  Time since last request: 0.023671 seconds.
  path: Assets/Fries and Seagull/Interior 01/Prefabs/Table Lamp.prefab
  artifactKey: Guid(c38536f0af05de541bcd30236afe6d72) Importer(815301076,1909f56bfc062723c751e8b465ee728b)
Start importing Assets/Fries and Seagull/Interior 01/Prefabs/Table Lamp.prefab using Guid(c38536f0af05de541bcd30236afe6d72) Importer(815301076,1909f56bfc062723c751e8b465ee728b) [PhysX] Initialized MultithreadedTaskDispatcher with 8 workers.
 -> (artifact id: 'db9019af1350931af4923555e80a6c89') in 0.001692 seconds
Number of updated asset objects reloaded before import = 0
Number of asset objects unloaded after import = 0
========================================================================
Received Import Request.
  Time since last request: 0.768138 seconds.
  path: Assets/Fries and Seagull/Interior 01/Prefabs/Optional/Floor.prefab
  artifactKey: Guid(550f351788fe79541a81557914e2efee) Importer(815301076,1909f56bfc062723c751e8b465ee728b)
Start importing Assets/Fries and Seagull/Interior 01/Prefabs/Optional/Floor.prefab using Guid(550f351788fe79541a81557914e2efee) Importer(815301076,1909f56bfc062723c751e8b465ee728b) [PhysX] Initialized MultithreadedTaskDispatcher with 8 workers.
 -> (artifact id: '55ea83ada2c9cb68d9e66f7c1b2f5761') in 0.002096 seconds
Number of updated asset objects reloaded before import = 0
Number of asset objects unloaded after import = 0
========================================================================
Received Prepare
Caller must complete domain reload
Begin MonoManager ReloadAssembly
- Loaded All Assemblies, in  0.858 seconds
Native extension for WindowsStandalone target not found
Native extension for WebGL target not found
Mono: successfully reloaded assembly
- Finished resetting the current domain, in  2.867 seconds
Domain Reload Profiling: 3715ms
	BeginReloadAssembly (256ms)
		ExecutionOrderSort (0ms)
		DisableScriptedObjects (36ms)
		BackupInstance (0ms)
		ReleaseScriptingObjects (0ms)
		CreateAndSetChildDomain (50ms)
	RebuildCommonClasses (43ms)
	RebuildNativeTypeToScriptingClass (15ms)
	initialDomainReloadingComplete (53ms)
	LoadAllAssembliesAndSetupDomain (481ms)
		LoadAssemblies (561ms)
		RebuildTransferFunctionScriptingTraits (0ms)
		AnalyzeDomain (43ms)
			TypeCache.Refresh (12ms)
				TypeCache.ScanAssembly (0ms)
			ScanForSourceGeneratedMonoScriptInfo (0ms)
			ResolveRequiredComponents (29ms)
	FinalizeReload (2868ms)
		ReleaseScriptCaches (0ms)
		RebuildScriptCaches (0ms)
		SetupLoadedEditorAssemblies (1232ms)
			LogAssemblyErrors (0ms)
			InitializePlatformSupportModulesInManaged (17ms)
			SetLoadedEditorAssemblies (7ms)
			RefreshPlugins (0ms)
			BeforeProcessingInitializeOnLoad (197ms)
			ProcessInitializeOnLoadAttributes (825ms)
			ProcessInitializeOnLoadMethodAttributes (167ms)
			AfterProcessingInitializeOnLoad (19ms)
			EditorAssembliesLoaded (0ms)
		ExecutionOrderSort2 (0ms)
		AwakeInstancesAfterBackupRestoration (36ms)
Refreshing native plugins compatible for Editor in 14.86 ms, found 4 plugins.
Preloading 0 native plugins for Editor in 0.00 ms.
Unloading 5758 Unused Serialized files (Serialized files now loaded: 0)
Unloading 36 unused Assets / (2.4 MB). Loaded Objects now: 6430.
Memory consumption went from 215.0 MB to 212.6 MB.
Total: 7.536900 ms (FindLiveObjects: 0.858400 ms CreateObjectMapping: 0.884000 ms MarkObjects: 4.988400 ms  DeleteObjects: 0.804900 ms)

Prepare: number of updated asset objects reloaded= 0
AssetImportParameters requested are different than current active one (requested -> active):
  custom:container-demuxer-ogg: 62fdf1f143b41e24485cea50d1cbac27 -> 
  custom:video-codec-MediaFoundation-h265: 746d11721c4dcdbdad8f713fa42b33f4 -> 
  custom:video-decoder-ogg-theora: a1e56fd34408186e4bbccfd4996cb3dc -> 
  custom:framework-win-MediaFoundation: 216162199b28c13a410421893ffa2e32 -> 
  custom:CustomObjectIndexerAttribute: 3ead1caaecf1c488f20bcfeb224b6af5 -> 
  custom:container-demuxer-webm: 4f35f7cbe854078d1ac9338744f61a02 -> 
  custom:container-muxer-webm: aa71ff27fc2769a1b78a27578f13a17b -> 
  custom:video-decoder-webm-vp8: 9c59270c3fd7afecdb556c50c9e8de78 -> 
  custom:SearchIndexIgnoredProperties: e643bd26f0fe6173181afceb89e7c659 -> 
  custom:AudioImporter_EditorPlatform: d09bf68614088b80899f8185d706f6e7 -> 
  custom:video-encoder-webm-vp8: eb34c28f22e8b96e1ab97ce403110664 -> 
  custom:audio-decoder-ogg-vorbis: bf7c407c2cedff20999df2af8eb42d56 -> 
  custom:audio-encoder-webm-vorbis: bf7c407c2cedff20999df2af8eb42d56 -> 
========================================================================
Received Prepare
Caller must complete domain reload
Begin MonoManager ReloadAssembly
- Loaded All Assemblies, in  0.893 seconds
Native extension for WindowsStandalone target not found
Native extension for WebGL target not found
Mono: successfully reloaded assembly
- Finished resetting the current domain, in  3.377 seconds
Domain Reload Profiling: 4263ms
	BeginReloadAssembly (283ms)
		ExecutionOrderSort (0ms)
		DisableScriptedObjects (15ms)
		BackupInstance (0ms)
		ReleaseScriptingObjects (0ms)
		CreateAndSetChildDomain (63ms)
	RebuildCommonClasses (48ms)
	RebuildNativeTypeToScriptingClass (19ms)
	initialDomainReloadingComplete (53ms)
	LoadAllAssembliesAndSetupDomain (483ms)
		LoadAssemblies (579ms)
		RebuildTransferFunctionScriptingTraits (0ms)
		AnalyzeDomain (44ms)
			TypeCache.Refresh (14ms)
				TypeCache.ScanAssembly (0ms)
			ScanForSourceGeneratedMonoScriptInfo (0ms)
			ResolveRequiredComponents (27ms)
	FinalizeReload (3378ms)
		ReleaseScriptCaches (0ms)
		RebuildScriptCaches (0ms)
		SetupLoadedEditorAssemblies (1422ms)
			LogAssemblyErrors (0ms)
			InitializePlatformSupportModulesInManaged (22ms)
			SetLoadedEditorAssemblies (9ms)
			RefreshPlugins (0ms)
			BeforeProcessingInitializeOnLoad (234ms)
			ProcessInitializeOnLoadAttributes (941ms)
			ProcessInitializeOnLoadMethodAttributes (194ms)
			AfterProcessingInitializeOnLoad (21ms)
			EditorAssembliesLoaded (0ms)
		ExecutionOrderSort2 (0ms)
		AwakeInstancesAfterBackupRestoration (33ms)
Refreshing native plugins compatible for Editor in 12.60 ms, found 4 plugins.
Preloading 0 native plugins for Editor in 0.00 ms.
Unloading 5759 Unused Serialized files (Serialized files now loaded: 0)
Unloading 36 unused Assets / (2.4 MB). Loaded Objects now: 6434.
Memory consumption went from 215.3 MB to 212.9 MB.
Total: 9.228200 ms (FindLiveObjects: 0.644000 ms CreateObjectMapping: 0.747200 ms MarkObjects: 6.575900 ms  DeleteObjects: 1.259000 ms)

Prepare: number of updated asset objects reloaded= 0
AssetImportParameters requested are different than current active one (requested -> active):
  custom:container-demuxer-ogg: 62fdf1f143b41e24485cea50d1cbac27 -> 
  custom:video-codec-MediaFoundation-h265: 746d11721c4dcdbdad8f713fa42b33f4 -> 
  custom:video-decoder-ogg-theora: a1e56fd34408186e4bbccfd4996cb3dc -> 
  custom:framework-win-MediaFoundation: 216162199b28c13a410421893ffa2e32 -> 
  custom:CustomObjectIndexerAttribute: 3ead1caaecf1c488f20bcfeb224b6af5 -> 
  custom:container-demuxer-webm: 4f35f7cbe854078d1ac9338744f61a02 -> 
  custom:container-muxer-webm: aa71ff27fc2769a1b78a27578f13a17b -> 
  custom:video-decoder-webm-vp8: 9c59270c3fd7afecdb556c50c9e8de78 -> 
  custom:SearchIndexIgnoredProperties: e643bd26f0fe6173181afceb89e7c659 -> 
  custom:AudioImporter_EditorPlatform: d09bf68614088b80899f8185d706f6e7 -> 
  custom:video-encoder-webm-vp8: eb34c28f22e8b96e1ab97ce403110664 -> 
  custom:audio-decoder-ogg-vorbis: bf7c407c2cedff20999df2af8eb42d56 -> 
  custom:audio-encoder-webm-vorbis: bf7c407c2cedff20999df2af8eb42d56 -> 
========================================================================
Received Import Request.
  Time since last request: 1601.188919 seconds.
  path: Assets/school/Prefabs/props/wall.prefab
  artifactKey: Guid(d8553808ed1fd2a41982e26a8f099b9a) Importer(815301076,1909f56bfc062723c751e8b465ee728b)
Start importing Assets/school/Prefabs/props/wall.prefab using Guid(d8553808ed1fd2a41982e26a8f099b9a) Importer(815301076,1909f56bfc062723c751e8b465ee728b) [PhysX] Initialized MultithreadedTaskDispatcher with 8 workers.
[PhysX] Initialized MultithreadedTaskDispatcher with 8 workers.
 -> (artifact id: 'bd3e1d557310ffb177dd9b44c68c9336') in 0.133638 seconds
Number of updated asset objects reloaded before import = 0
Number of asset objects unloaded after import = 21
========================================================================
Received Import Request.
  Time since last request: 2.280922 seconds.
  path: Assets/school/Prefabs/props/wall.prefab
  artifactKey: Guid(d8553808ed1fd2a41982e26a8f099b9a) Importer(815301076,1909f56bfc062723c751e8b465ee728b)
Start importing Assets/school/Prefabs/props/wall.prefab using Guid(d8553808ed1fd2a41982e26a8f099b9a) Importer(815301076,1909f56bfc062723c751e8b465ee728b) [PhysX] Initialized MultithreadedTaskDispatcher with 8 workers.
[PhysX] Initialized MultithreadedTaskDispatcher with 8 workers.
 -> (artifact id: 'ce6e6920d8e5d1c246be4934961bd6ae') in 0.016744 seconds
Number of updated asset objects reloaded before import = 0
Number of asset objects unloaded after import = 21
========================================================================
Received Import Request.
  Time since last request: 16.477871 seconds.
  path: Assets/school/Prefabs/props/wall.prefab
  artifactKey: Guid(d8553808ed1fd2a41982e26a8f099b9a) Importer(815301076,1909f56bfc062723c751e8b465ee728b)
Start importing Assets/school/Prefabs/props/wall.prefab using Guid(d8553808ed1fd2a41982e26a8f099b9a) Importer(815301076,1909f56bfc062723c751e8b465ee728b) [PhysX] Initialized MultithreadedTaskDispatcher with 8 workers.
[PhysX] Initialized MultithreadedTaskDispatcher with 8 workers.
 -> (artifact id: 'f9b512a1f2144724978c5a92e193c4aa') in 0.018301 seconds
Number of updated asset objects reloaded before import = 0
Number of asset objects unloaded after import = 21
========================================================================
Received Prepare
Caller must complete domain reload
Begin MonoManager ReloadAssembly
- Loaded All Assemblies, in  0.973 seconds
Native extension for WindowsStandalone target not found
Native extension for WebGL target not found
Mono: successfully reloaded assembly
- Finished resetting the current domain, in  2.837 seconds
Domain Reload Profiling: 3803ms
	BeginReloadAssembly (274ms)
		ExecutionOrderSort (0ms)
		DisableScriptedObjects (20ms)
		BackupInstance (0ms)
		ReleaseScriptingObjects (0ms)
		CreateAndSetChildDomain (60ms)
	RebuildCommonClasses (48ms)
	RebuildNativeTypeToScriptingClass (21ms)
	initialDomainReloadingComplete (53ms)
	LoadAllAssembliesAndSetupDomain (569ms)
		LoadAssemblies (672ms)
		RebuildTransferFunctionScriptingTraits (0ms)
		AnalyzeDomain (37ms)
			TypeCache.Refresh (11ms)
				TypeCache.ScanAssembly (0ms)
			ScanForSourceGeneratedMonoScriptInfo (0ms)
			ResolveRequiredComponents (24ms)
	FinalizeReload (2837ms)
		ReleaseScriptCaches (0ms)
		RebuildScriptCaches (0ms)
		SetupLoadedEditorAssemblies (1140ms)
			LogAssemblyErrors (0ms)
			InitializePlatformSupportModulesInManaged (18ms)
			SetLoadedEditorAssemblies (7ms)
			RefreshPlugins (0ms)
			BeforeProcessingInitializeOnLoad (183ms)
			ProcessInitializeOnLoadAttributes (763ms)
			ProcessInitializeOnLoadMethodAttributes (151ms)
			AfterProcessingInitializeOnLoad (18ms)
			EditorAssembliesLoaded (1ms)
		ExecutionOrderSort2 (0ms)
		AwakeInstancesAfterBackupRestoration (31ms)
Refreshing native plugins compatible for Editor in 12.57 ms, found 4 plugins.
Preloading 0 native plugins for Editor in 0.00 ms.
Unloading 5758 Unused Serialized files (Serialized files now loaded: 0)
Unloading 36 unused Assets / (2.4 MB). Loaded Objects now: 6438.
Memory consumption went from 215.1 MB to 212.6 MB.
Total: 10.515100 ms (FindLiveObjects: 1.051000 ms CreateObjectMapping: 1.104100 ms MarkObjects: 7.166200 ms  DeleteObjects: 1.192400 ms)

Prepare: number of updated asset objects reloaded= 0
AssetImportParameters requested are different than current active one (requested -> active):
  custom:container-demuxer-ogg: 62fdf1f143b41e24485cea50d1cbac27 -> 
  custom:video-codec-MediaFoundation-h265: 746d11721c4dcdbdad8f713fa42b33f4 -> 
  custom:video-decoder-ogg-theora: a1e56fd34408186e4bbccfd4996cb3dc -> 
  custom:framework-win-MediaFoundation: 216162199b28c13a410421893ffa2e32 -> 
  custom:CustomObjectIndexerAttribute: 3ead1caaecf1c488f20bcfeb224b6af5 -> 
  custom:container-demuxer-webm: 4f35f7cbe854078d1ac9338744f61a02 -> 
  custom:container-muxer-webm: aa71ff27fc2769a1b78a27578f13a17b -> 
  custom:video-decoder-webm-vp8: 9c59270c3fd7afecdb556c50c9e8de78 -> 
  custom:SearchIndexIgnoredProperties: e643bd26f0fe6173181afceb89e7c659 -> 
  custom:AudioImporter_EditorPlatform: d09bf68614088b80899f8185d706f6e7 -> 
  custom:video-encoder-webm-vp8: eb34c28f22e8b96e1ab97ce403110664 -> 
  custom:audio-decoder-ogg-vorbis: bf7c407c2cedff20999df2af8eb42d56 -> 
  custom:audio-encoder-webm-vorbis: bf7c407c2cedff20999df2af8eb42d56 -> 
========================================================================
Received Import Request.
  Time since last request: 1417.016527 seconds.
  path: Assets/school/Prefabs/props/wall.prefab
  artifactKey: Guid(d8553808ed1fd2a41982e26a8f099b9a) Importer(815301076,1909f56bfc062723c751e8b465ee728b)
Start importing Assets/school/Prefabs/props/wall.prefab using Guid(d8553808ed1fd2a41982e26a8f099b9a) Importer(815301076,1909f56bfc062723c751e8b465ee728b) [PhysX] Initialized MultithreadedTaskDispatcher with 8 workers.
[PhysX] Initialized MultithreadedTaskDispatcher with 8 workers.
 -> (artifact id: '1fc43218a9c38201f19f6f73c2a841b0') in 0.118466 seconds
Number of updated asset objects reloaded before import = 0
Number of asset objects unloaded after import = 34
========================================================================
Received Import Request.
  Time since last request: 913.501757 seconds.
  path: Assets/FastMesh/Materials/Water.mat
  artifactKey: Guid(5f65f95434fec4b42be87068d2c4bbef) Importer(815301076,1909f56bfc062723c751e8b465ee728b)
Start importing Assets/FastMesh/Materials/Water.mat using Guid(5f65f95434fec4b42be87068d2c4bbef) Importer(815301076,1909f56bfc062723c751e8b465ee728b) [PhysX] Initialized MultithreadedTaskDispatcher with 8 workers.
[PhysX] Initialized MultithreadedTaskDispatcher with 8 workers.
 -> (artifact id: '9542ffa40a91ca1b334a62984665ced7') in 0.040401 seconds
Number of updated asset objects reloaded before import = 0
Number of asset objects unloaded after import = 1
========================================================================
Received Prepare
Caller must complete domain reload
Begin MonoManager ReloadAssembly
- Loaded All Assemblies, in  0.926 seconds
Native extension for WindowsStandalone target not found
Native extension for WebGL target not found
Mono: successfully reloaded assembly
- Finished resetting the current domain, in  2.749 seconds
Domain Reload Profiling: 3667ms
	BeginReloadAssembly (288ms)
		ExecutionOrderSort (0ms)
		DisableScriptedObjects (26ms)
		BackupInstance (0ms)
		ReleaseScriptingObjects (0ms)
		CreateAndSetChildDomain (62ms)
	RebuildCommonClasses (51ms)
	RebuildNativeTypeToScriptingClass (19ms)
	initialDomainReloadingComplete (53ms)
	LoadAllAssembliesAndSetupDomain (506ms)
		LoadAssemblies (621ms)
		RebuildTransferFunctionScriptingTraits (0ms)
		AnalyzeDomain (33ms)
			TypeCache.Refresh (10ms)
				TypeCache.ScanAssembly (0ms)
			ScanForSourceGeneratedMonoScriptInfo (0ms)
			ResolveRequiredComponents (21ms)
	FinalizeReload (2750ms)
		ReleaseScriptCaches (0ms)
		RebuildScriptCaches (0ms)
		SetupLoadedEditorAssemblies (1157ms)
			LogAssemblyErrors (0ms)
			InitializePlatformSupportModulesInManaged (18ms)
			SetLoadedEditorAssemblies (8ms)
			RefreshPlugins (0ms)
			BeforeProcessingInitializeOnLoad (184ms)
			ProcessInitializeOnLoadAttributes (777ms)
			ProcessInitializeOnLoadMethodAttributes (154ms)
			AfterProcessingInitializeOnLoad (16ms)
			EditorAssembliesLoaded (0ms)
		ExecutionOrderSort2 (0ms)
		AwakeInstancesAfterBackupRestoration (30ms)
Refreshing native plugins compatible for Editor in 11.69 ms, found 4 plugins.
Preloading 0 native plugins for Editor in 0.00 ms.
Unloading 5758 Unused Serialized files (Serialized files now loaded: 0)
Unloading 36 unused Assets / (2.4 MB). Loaded Objects now: 6442.
Memory consumption went from 215.0 MB to 212.6 MB.
Total: 9.694700 ms (FindLiveObjects: 0.632500 ms CreateObjectMapping: 0.573100 ms MarkObjects: 7.013800 ms  DeleteObjects: 1.473800 ms)

Prepare: number of updated asset objects reloaded= 0
AssetImportParameters requested are different than current active one (requested -> active):
  custom:container-demuxer-ogg: 62fdf1f143b41e24485cea50d1cbac27 -> 
  custom:video-codec-MediaFoundation-h265: 746d11721c4dcdbdad8f713fa42b33f4 -> 
  custom:video-decoder-ogg-theora: a1e56fd34408186e4bbccfd4996cb3dc -> 
  custom:framework-win-MediaFoundation: 216162199b28c13a410421893ffa2e32 -> 
  custom:CustomObjectIndexerAttribute: 3ead1caaecf1c488f20bcfeb224b6af5 -> 
  custom:container-demuxer-webm: 4f35f7cbe854078d1ac9338744f61a02 -> 
  custom:container-muxer-webm: aa71ff27fc2769a1b78a27578f13a17b -> 
  custom:video-decoder-webm-vp8: 9c59270c3fd7afecdb556c50c9e8de78 -> 
  custom:SearchIndexIgnoredProperties: e643bd26f0fe6173181afceb89e7c659 -> 
  custom:AudioImporter_EditorPlatform: d09bf68614088b80899f8185d706f6e7 -> 
  custom:video-encoder-webm-vp8: eb34c28f22e8b96e1ab97ce403110664 -> 
  custom:audio-decoder-ogg-vorbis: bf7c407c2cedff20999df2af8eb42d56 -> 
  custom:audio-encoder-webm-vorbis: bf7c407c2cedff20999df2af8eb42d56 -> 
========================================================================
Received Prepare
Caller must complete domain reload
Begin MonoManager ReloadAssembly
- Loaded All Assemblies, in  0.860 seconds
Native extension for WindowsStandalone target not found
Native extension for WebGL target not found
Mono: successfully reloaded assembly
- Finished resetting the current domain, in  2.727 seconds
Domain Reload Profiling: 3580ms
	BeginReloadAssembly (268ms)
		ExecutionOrderSort (0ms)
		DisableScriptedObjects (15ms)
		BackupInstance (0ms)
		ReleaseScriptingObjects (0ms)
		CreateAndSetChildDomain (65ms)
	RebuildCommonClasses (47ms)
	RebuildNativeTypeToScriptingClass (20ms)
	initialDomainReloadingComplete (55ms)
	LoadAllAssembliesAndSetupDomain (460ms)
		LoadAssemblies (555ms)
		RebuildTransferFunctionScriptingTraits (0ms)
		AnalyzeDomain (34ms)
			TypeCache.Refresh (12ms)
				TypeCache.ScanAssembly (0ms)
			ScanForSourceGeneratedMonoScriptInfo (0ms)
			ResolveRequiredComponents (20ms)
	FinalizeReload (2728ms)
		ReleaseScriptCaches (0ms)
		RebuildScriptCaches (0ms)
		SetupLoadedEditorAssemblies (1147ms)
			LogAssemblyErrors (0ms)
			InitializePlatformSupportModulesInManaged (18ms)
			SetLoadedEditorAssemblies (9ms)
			RefreshPlugins (0ms)
			BeforeProcessingInitializeOnLoad (185ms)
			ProcessInitializeOnLoadAttributes (758ms)
			ProcessInitializeOnLoadMethodAttributes (161ms)
			AfterProcessingInitializeOnLoad (17ms)
			EditorAssembliesLoaded (0ms)
		ExecutionOrderSort2 (0ms)
		AwakeInstancesAfterBackupRestoration (30ms)
Refreshing native plugins compatible for Editor in 11.47 ms, found 4 plugins.
Preloading 0 native plugins for Editor in 0.00 ms.
Unloading 5759 Unused Serialized files (Serialized files now loaded: 0)
Unloading 36 unused Assets / (2.4 MB). Loaded Objects now: 6446.
Memory consumption went from 215.3 MB to 212.9 MB.
Total: 8.645700 ms (FindLiveObjects: 0.677100 ms CreateObjectMapping: 0.751800 ms MarkObjects: 6.116700 ms  DeleteObjects: 1.098400 ms)

Prepare: number of updated asset objects reloaded= 0
AssetImportParameters requested are different than current active one (requested -> active):
  custom:container-demuxer-ogg: 62fdf1f143b41e24485cea50d1cbac27 -> 
  custom:video-codec-MediaFoundation-h265: 746d11721c4dcdbdad8f713fa42b33f4 -> 
  custom:video-decoder-ogg-theora: a1e56fd34408186e4bbccfd4996cb3dc -> 
  custom:framework-win-MediaFoundation: 216162199b28c13a410421893ffa2e32 -> 
  custom:CustomObjectIndexerAttribute: 3ead1caaecf1c488f20bcfeb224b6af5 -> 
  custom:container-demuxer-webm: 4f35f7cbe854078d1ac9338744f61a02 -> 
  custom:container-muxer-webm: aa71ff27fc2769a1b78a27578f13a17b -> 
  custom:video-decoder-webm-vp8: 9c59270c3fd7afecdb556c50c9e8de78 -> 
  custom:SearchIndexIgnoredProperties: e643bd26f0fe6173181afceb89e7c659 -> 
  custom:AudioImporter_EditorPlatform: d09bf68614088b80899f8185d706f6e7 -> 
  custom:video-encoder-webm-vp8: eb34c28f22e8b96e1ab97ce403110664 -> 
  custom:audio-decoder-ogg-vorbis: bf7c407c2cedff20999df2af8eb42d56 -> 
  custom:audio-encoder-webm-vorbis: bf7c407c2cedff20999df2af8eb42d56 -> 
========================================================================
Received Prepare
Caller must complete domain reload
Begin MonoManager ReloadAssembly
- Loaded All Assemblies, in  0.985 seconds
Native extension for WindowsStandalone target not found
Native extension for WebGL target not found
Mono: successfully reloaded assembly
- Finished resetting the current domain, in  2.760 seconds
Domain Reload Profiling: 3735ms
	BeginReloadAssembly (299ms)
		ExecutionOrderSort (0ms)
		DisableScriptedObjects (15ms)
		BackupInstance (0ms)
		ReleaseScriptingObjects (0ms)
		CreateAndSetChildDomain (63ms)
	RebuildCommonClasses (55ms)
	RebuildNativeTypeToScriptingClass (20ms)
	initialDomainReloadingComplete (69ms)
	LoadAllAssembliesAndSetupDomain (531ms)
		LoadAssemblies (639ms)
		RebuildTransferFunctionScriptingTraits (0ms)
		AnalyzeDomain (37ms)
			TypeCache.Refresh (11ms)
				TypeCache.ScanAssembly (0ms)
			ScanForSourceGeneratedMonoScriptInfo (0ms)
			ResolveRequiredComponents (24ms)
	FinalizeReload (2761ms)
		ReleaseScriptCaches (0ms)
		RebuildScriptCaches (0ms)
		SetupLoadedEditorAssemblies (1171ms)
			LogAssemblyErrors (0ms)
			InitializePlatformSupportModulesInManaged (17ms)
			SetLoadedEditorAssemblies (7ms)
			RefreshPlugins (0ms)
			BeforeProcessingInitializeOnLoad (182ms)
			ProcessInitializeOnLoadAttributes (788ms)
			ProcessInitializeOnLoadMethodAttributes (160ms)
			AfterProcessingInitializeOnLoad (15ms)
			EditorAssembliesLoaded (0ms)
		ExecutionOrderSort2 (0ms)
		AwakeInstancesAfterBackupRestoration (30ms)
Refreshing native plugins compatible for Editor in 14.70 ms, found 4 plugins.
Preloading 0 native plugins for Editor in 0.00 ms.
Unloading 5759 Unused Serialized files (Serialized files now loaded: 0)
Unloading 36 unused Assets / (2.4 MB). Loaded Objects now: 6450.
Memory consumption went from 215.3 MB to 212.9 MB.
Total: 8.937400 ms (FindLiveObjects: 0.856100 ms CreateObjectMapping: 0.772400 ms MarkObjects: 6.238200 ms  DeleteObjects: 1.069100 ms)

Prepare: number of updated asset objects reloaded= 0
AssetImportParameters requested are different than current active one (requested -> active):
  custom:container-demuxer-ogg: 62fdf1f143b41e24485cea50d1cbac27 -> 
  custom:video-codec-MediaFoundation-h265: 746d11721c4dcdbdad8f713fa42b33f4 -> 
  custom:video-decoder-ogg-theora: a1e56fd34408186e4bbccfd4996cb3dc -> 
  custom:framework-win-MediaFoundation: 216162199b28c13a410421893ffa2e32 -> 
  custom:CustomObjectIndexerAttribute: 3ead1caaecf1c488f20bcfeb224b6af5 -> 
  custom:container-demuxer-webm: 4f35f7cbe854078d1ac9338744f61a02 -> 
  custom:container-muxer-webm: aa71ff27fc2769a1b78a27578f13a17b -> 
  custom:video-decoder-webm-vp8: 9c59270c3fd7afecdb556c50c9e8de78 -> 
  custom:SearchIndexIgnoredProperties: e643bd26f0fe6173181afceb89e7c659 -> 
  custom:AudioImporter_EditorPlatform: d09bf68614088b80899f8185d706f6e7 -> 
  custom:video-encoder-webm-vp8: eb34c28f22e8b96e1ab97ce403110664 -> 
  custom:audio-decoder-ogg-vorbis: bf7c407c2cedff20999df2af8eb42d56 -> 
  custom:audio-encoder-webm-vorbis: bf7c407c2cedff20999df2af8eb42d56 -> 
========================================================================
Received Prepare
Caller must complete domain reload
Begin MonoManager ReloadAssembly
- Loaded All Assemblies, in  0.916 seconds
Native extension for WindowsStandalone target not found
Native extension for WebGL target not found
Mono: successfully reloaded assembly
- Finished resetting the current domain, in  2.609 seconds
Domain Reload Profiling: 3517ms
	BeginReloadAssembly (284ms)
		ExecutionOrderSort (0ms)
		DisableScriptedObjects (24ms)
		BackupInstance (0ms)
		ReleaseScriptingObjects (0ms)
		CreateAndSetChildDomain (63ms)
	RebuildCommonClasses (57ms)
	RebuildNativeTypeToScriptingClass (18ms)
	initialDomainReloadingComplete (56ms)
	LoadAllAssembliesAndSetupDomain (492ms)
		LoadAssemblies (586ms)
		RebuildTransferFunctionScriptingTraits (0ms)
		AnalyzeDomain (37ms)
			TypeCache.Refresh (10ms)
				TypeCache.ScanAssembly (0ms)
			ScanForSourceGeneratedMonoScriptInfo (0ms)
			ResolveRequiredComponents (26ms)
	FinalizeReload (2610ms)
		ReleaseScriptCaches (0ms)
		RebuildScriptCaches (0ms)
		SetupLoadedEditorAssemblies (1148ms)
			LogAssemblyErrors (0ms)
			InitializePlatformSupportModulesInManaged (17ms)
			SetLoadedEditorAssemblies (7ms)
			RefreshPlugins (0ms)
			BeforeProcessingInitializeOnLoad (175ms)
			ProcessInitializeOnLoadAttributes (782ms)
			ProcessInitializeOnLoadMethodAttributes (149ms)
			AfterProcessingInitializeOnLoad (19ms)
			EditorAssembliesLoaded (0ms)
		ExecutionOrderSort2 (0ms)
		AwakeInstancesAfterBackupRestoration (33ms)
Refreshing native plugins compatible for Editor in 12.87 ms, found 4 plugins.
Preloading 0 native plugins for Editor in 0.00 ms.
Unloading 5759 Unused Serialized files (Serialized files now loaded: 0)
Unloading 36 unused Assets / (2.4 MB). Loaded Objects now: 6454.
Memory consumption went from 215.3 MB to 212.9 MB.
Total: 11.313900 ms (FindLiveObjects: 0.914900 ms CreateObjectMapping: 0.699900 ms MarkObjects: 8.519800 ms  DeleteObjects: 1.177800 ms)

Prepare: number of updated asset objects reloaded= 0
AssetImportParameters requested are different than current active one (requested -> active):
  custom:container-demuxer-ogg: 62fdf1f143b41e24485cea50d1cbac27 -> 
  custom:video-codec-MediaFoundation-h265: 746d11721c4dcdbdad8f713fa42b33f4 -> 
  custom:video-decoder-ogg-theora: a1e56fd34408186e4bbccfd4996cb3dc -> 
  custom:framework-win-MediaFoundation: 216162199b28c13a410421893ffa2e32 -> 
  custom:CustomObjectIndexerAttribute: 3ead1caaecf1c488f20bcfeb224b6af5 -> 
  custom:container-demuxer-webm: 4f35f7cbe854078d1ac9338744f61a02 -> 
  custom:container-muxer-webm: aa71ff27fc2769a1b78a27578f13a17b -> 
  custom:video-decoder-webm-vp8: 9c59270c3fd7afecdb556c50c9e8de78 -> 
  custom:SearchIndexIgnoredProperties: e643bd26f0fe6173181afceb89e7c659 -> 
  custom:AudioImporter_EditorPlatform: d09bf68614088b80899f8185d706f6e7 -> 
  custom:video-encoder-webm-vp8: eb34c28f22e8b96e1ab97ce403110664 -> 
  custom:audio-decoder-ogg-vorbis: bf7c407c2cedff20999df2af8eb42d56 -> 
  custom:audio-encoder-webm-vorbis: bf7c407c2cedff20999df2af8eb42d56 -> 
========================================================================
Received Prepare
Caller must complete domain reload
Begin MonoManager ReloadAssembly
- Loaded All Assemblies, in  0.902 seconds
Native extension for WindowsStandalone target not found
Native extension for WebGL target not found
Mono: successfully reloaded assembly
- Finished resetting the current domain, in  2.696 seconds
Domain Reload Profiling: 3591ms
	BeginReloadAssembly (290ms)
		ExecutionOrderSort (0ms)
		DisableScriptedObjects (25ms)
		BackupInstance (0ms)
		ReleaseScriptingObjects (0ms)
		CreateAndSetChildDomain (68ms)
	RebuildCommonClasses (54ms)
	RebuildNativeTypeToScriptingClass (17ms)
	initialDomainReloadingComplete (55ms)
	LoadAllAssembliesAndSetupDomain (478ms)
		LoadAssemblies (576ms)
		RebuildTransferFunctionScriptingTraits (0ms)
		AnalyzeDomain (34ms)
			TypeCache.Refresh (11ms)
				TypeCache.ScanAssembly (0ms)
			ScanForSourceGeneratedMonoScriptInfo (0ms)
			ResolveRequiredComponents (21ms)
	FinalizeReload (2697ms)
		ReleaseScriptCaches (0ms)
		RebuildScriptCaches (0ms)
		SetupLoadedEditorAssemblies (1161ms)
			LogAssemblyErrors (0ms)
			InitializePlatformSupportModulesInManaged (20ms)
			SetLoadedEditorAssemblies (7ms)
			RefreshPlugins (0ms)
			BeforeProcessingInitializeOnLoad (190ms)
			ProcessInitializeOnLoadAttributes (778ms)
			ProcessInitializeOnLoadMethodAttributes (151ms)
			AfterProcessingInitializeOnLoad (15ms)
			EditorAssembliesLoaded (1ms)
		ExecutionOrderSort2 (0ms)
		AwakeInstancesAfterBackupRestoration (33ms)
Refreshing native plugins compatible for Editor in 13.07 ms, found 4 plugins.
Preloading 0 native plugins for Editor in 0.00 ms.
Unloading 5759 Unused Serialized files (Serialized files now loaded: 0)
Unloading 36 unused Assets / (2.4 MB). Loaded Objects now: 6458.
Memory consumption went from 215.4 MB to 212.9 MB.
Total: 9.740500 ms (FindLiveObjects: 1.173900 ms CreateObjectMapping: 0.890400 ms MarkObjects: 6.296600 ms  DeleteObjects: 1.377200 ms)

Prepare: number of updated asset objects reloaded= 0
AssetImportParameters requested are different than current active one (requested -> active):
  custom:container-demuxer-ogg: 62fdf1f143b41e24485cea50d1cbac27 -> 
  custom:video-codec-MediaFoundation-h265: 746d11721c4dcdbdad8f713fa42b33f4 -> 
  custom:video-decoder-ogg-theora: a1e56fd34408186e4bbccfd4996cb3dc -> 
  custom:framework-win-MediaFoundation: 216162199b28c13a410421893ffa2e32 -> 
  custom:CustomObjectIndexerAttribute: 3ead1caaecf1c488f20bcfeb224b6af5 -> 
  custom:container-demuxer-webm: 4f35f7cbe854078d1ac9338744f61a02 -> 
  custom:container-muxer-webm: aa71ff27fc2769a1b78a27578f13a17b -> 
  custom:video-decoder-webm-vp8: 9c59270c3fd7afecdb556c50c9e8de78 -> 
  custom:SearchIndexIgnoredProperties: e643bd26f0fe6173181afceb89e7c659 -> 
  custom:AudioImporter_EditorPlatform: d09bf68614088b80899f8185d706f6e7 -> 
  custom:video-encoder-webm-vp8: eb34c28f22e8b96e1ab97ce403110664 -> 
  custom:audio-decoder-ogg-vorbis: bf7c407c2cedff20999df2af8eb42d56 -> 
  custom:audio-encoder-webm-vorbis: bf7c407c2cedff20999df2af8eb42d56 -> 
========================================================================
Received Prepare
Caller must complete domain reload
Begin MonoManager ReloadAssembly
- Loaded All Assemblies, in  0.869 seconds
Native extension for WindowsStandalone target not found
Native extension for WebGL target not found
Mono: successfully reloaded assembly
- Finished resetting the current domain, in  2.746 seconds
Domain Reload Profiling: 3608ms
	BeginReloadAssembly (284ms)
		ExecutionOrderSort (0ms)
		DisableScriptedObjects (17ms)
		BackupInstance (0ms)
		ReleaseScriptingObjects (0ms)
		CreateAndSetChildDomain (64ms)
	RebuildCommonClasses (49ms)
	RebuildNativeTypeToScriptingClass (23ms)
	initialDomainReloadingComplete (48ms)
	LoadAllAssembliesAndSetupDomain (457ms)
		LoadAssemblies (553ms)
		RebuildTransferFunctionScriptingTraits (0ms)
		AnalyzeDomain (37ms)
			TypeCache.Refresh (12ms)
				TypeCache.ScanAssembly (0ms)
			ScanForSourceGeneratedMonoScriptInfo (0ms)
			ResolveRequiredComponents (22ms)
	FinalizeReload (2747ms)
		ReleaseScriptCaches (0ms)
		RebuildScriptCaches (0ms)
		SetupLoadedEditorAssemblies (1157ms)
			LogAssemblyErrors (0ms)
			InitializePlatformSupportModulesInManaged (19ms)
			SetLoadedEditorAssemblies (8ms)
			RefreshPlugins (0ms)
			BeforeProcessingInitializeOnLoad (198ms)
			ProcessInitializeOnLoadAttributes (760ms)
			ProcessInitializeOnLoadMethodAttributes (155ms)
			AfterProcessingInitializeOnLoad (16ms)
			EditorAssembliesLoaded (0ms)
		ExecutionOrderSort2 (0ms)
		AwakeInstancesAfterBackupRestoration (34ms)
Refreshing native plugins compatible for Editor in 14.09 ms, found 4 plugins.
Preloading 0 native plugins for Editor in 0.00 ms.
Unloading 5759 Unused Serialized files (Serialized files now loaded: 0)
Unloading 36 unused Assets / (2.4 MB). Loaded Objects now: 6462.
Memory consumption went from 215.3 MB to 212.9 MB.
Total: 7.680100 ms (FindLiveObjects: 0.780700 ms CreateObjectMapping: 0.799000 ms MarkObjects: 4.852600 ms  DeleteObjects: 1.246100 ms)

Prepare: number of updated asset objects reloaded= 0
AssetImportParameters requested are different than current active one (requested -> active):
  custom:container-demuxer-ogg: 62fdf1f143b41e24485cea50d1cbac27 -> 
  custom:video-codec-MediaFoundation-h265: 746d11721c4dcdbdad8f713fa42b33f4 -> 
  custom:video-decoder-ogg-theora: a1e56fd34408186e4bbccfd4996cb3dc -> 
  custom:framework-win-MediaFoundation: 216162199b28c13a410421893ffa2e32 -> 
  custom:CustomObjectIndexerAttribute: 3ead1caaecf1c488f20bcfeb224b6af5 -> 
  custom:container-demuxer-webm: 4f35f7cbe854078d1ac9338744f61a02 -> 
  custom:container-muxer-webm: aa71ff27fc2769a1b78a27578f13a17b -> 
  custom:video-decoder-webm-vp8: 9c59270c3fd7afecdb556c50c9e8de78 -> 
  custom:SearchIndexIgnoredProperties: e643bd26f0fe6173181afceb89e7c659 -> 
  custom:AudioImporter_EditorPlatform: d09bf68614088b80899f8185d706f6e7 -> 
  custom:video-encoder-webm-vp8: eb34c28f22e8b96e1ab97ce403110664 -> 
  custom:audio-decoder-ogg-vorbis: bf7c407c2cedff20999df2af8eb42d56 -> 
  custom:audio-encoder-webm-vorbis: bf7c407c2cedff20999df2af8eb42d56 -> 
========================================================================
Received Prepare
Caller must complete domain reload
Begin MonoManager ReloadAssembly
- Loaded All Assemblies, in  0.893 seconds
Native extension for WindowsStandalone target not found
Native extension for WebGL target not found
Mono: successfully reloaded assembly
- Finished resetting the current domain, in  2.878 seconds
Domain Reload Profiling: 3764ms
	BeginReloadAssembly (257ms)
		ExecutionOrderSort (0ms)
		DisableScriptedObjects (24ms)
		BackupInstance (0ms)
		ReleaseScriptingObjects (0ms)
		CreateAndSetChildDomain (58ms)
	RebuildCommonClasses (57ms)
	RebuildNativeTypeToScriptingClass (21ms)
	initialDomainReloadingComplete (49ms)
	LoadAllAssembliesAndSetupDomain (501ms)
		LoadAssemblies (587ms)
		RebuildTransferFunctionScriptingTraits (0ms)
		AnalyzeDomain (42ms)
			TypeCache.Refresh (11ms)
				TypeCache.ScanAssembly (0ms)
			ScanForSourceGeneratedMonoScriptInfo (0ms)
			ResolveRequiredComponents (29ms)
	FinalizeReload (2879ms)
		ReleaseScriptCaches (0ms)
		RebuildScriptCaches (0ms)
		SetupLoadedEditorAssemblies (1181ms)
			LogAssemblyErrors (0ms)
			InitializePlatformSupportModulesInManaged (17ms)
			SetLoadedEditorAssemblies (10ms)
			RefreshPlugins (0ms)
			BeforeProcessingInitializeOnLoad (182ms)
			ProcessInitializeOnLoadAttributes (789ms)
			ProcessInitializeOnLoadMethodAttributes (165ms)
			AfterProcessingInitializeOnLoad (18ms)
			EditorAssembliesLoaded (1ms)
		ExecutionOrderSort2 (0ms)
		AwakeInstancesAfterBackupRestoration (34ms)
Refreshing native plugins compatible for Editor in 11.33 ms, found 4 plugins.
Preloading 0 native plugins for Editor in 0.00 ms.
Unloading 5759 Unused Serialized files (Serialized files now loaded: 0)
Unloading 36 unused Assets / (2.4 MB). Loaded Objects now: 6466.
Memory consumption went from 215.4 MB to 212.9 MB.
Total: 8.613700 ms (FindLiveObjects: 0.794400 ms CreateObjectMapping: 0.933000 ms MarkObjects: 6.032600 ms  DeleteObjects: 0.852100 ms)

Prepare: number of updated asset objects reloaded= 0
AssetImportParameters requested are different than current active one (requested -> active):
  custom:container-demuxer-ogg: 62fdf1f143b41e24485cea50d1cbac27 -> 
  custom:video-codec-MediaFoundation-h265: 746d11721c4dcdbdad8f713fa42b33f4 -> 
  custom:video-decoder-ogg-theora: a1e56fd34408186e4bbccfd4996cb3dc -> 
  custom:framework-win-MediaFoundation: 216162199b28c13a410421893ffa2e32 -> 
  custom:CustomObjectIndexerAttribute: 3ead1caaecf1c488f20bcfeb224b6af5 -> 
  custom:container-demuxer-webm: 4f35f7cbe854078d1ac9338744f61a02 -> 
  custom:container-muxer-webm: aa71ff27fc2769a1b78a27578f13a17b -> 
  custom:video-decoder-webm-vp8: 9c59270c3fd7afecdb556c50c9e8de78 -> 
  custom:SearchIndexIgnoredProperties: e643bd26f0fe6173181afceb89e7c659 -> 
  custom:AudioImporter_EditorPlatform: d09bf68614088b80899f8185d706f6e7 -> 
  custom:video-encoder-webm-vp8: eb34c28f22e8b96e1ab97ce403110664 -> 
  custom:audio-decoder-ogg-vorbis: bf7c407c2cedff20999df2af8eb42d56 -> 
  custom:audio-encoder-webm-vorbis: bf7c407c2cedff20999df2af8eb42d56 -> 
========================================================================
Received Prepare
Caller must complete domain reload
Begin MonoManager ReloadAssembly
- Loaded All Assemblies, in  0.864 seconds
Native extension for WindowsStandalone target not found
Native extension for WebGL target not found
Mono: successfully reloaded assembly
- Finished resetting the current domain, in  2.668 seconds
Domain Reload Profiling: 3525ms
	BeginReloadAssembly (269ms)
		ExecutionOrderSort (0ms)
		DisableScriptedObjects (29ms)
		BackupInstance (0ms)
		ReleaseScriptingObjects (0ms)
		CreateAndSetChildDomain (53ms)
	RebuildCommonClasses (53ms)
	RebuildNativeTypeToScriptingClass (18ms)
	initialDomainReloadingComplete (51ms)
	LoadAllAssembliesAndSetupDomain (465ms)
		LoadAssemblies (559ms)
		RebuildTransferFunctionScriptingTraits (0ms)
		AnalyzeDomain (34ms)
			TypeCache.Refresh (12ms)
				TypeCache.ScanAssembly (0ms)
			ScanForSourceGeneratedMonoScriptInfo (0ms)
			ResolveRequiredComponents (20ms)
	FinalizeReload (2668ms)
		ReleaseScriptCaches (0ms)
		RebuildScriptCaches (0ms)
		SetupLoadedEditorAssemblies (1171ms)
			LogAssemblyErrors (0ms)
			InitializePlatformSupportModulesInManaged (16ms)
			SetLoadedEditorAssemblies (7ms)
			RefreshPlugins (0ms)
			BeforeProcessingInitializeOnLoad (187ms)
			ProcessInitializeOnLoadAttributes (797ms)
			ProcessInitializeOnLoadMethodAttributes (148ms)
			AfterProcessingInitializeOnLoad (16ms)
			EditorAssembliesLoaded (0ms)
		ExecutionOrderSort2 (0ms)
		AwakeInstancesAfterBackupRestoration (31ms)
Refreshing native plugins compatible for Editor in 10.93 ms, found 4 plugins.
Preloading 0 native plugins for Editor in 0.00 ms.
Unloading 5759 Unused Serialized files (Serialized files now loaded: 0)
Unloading 36 unused Assets / (2.4 MB). Loaded Objects now: 6470.
Memory consumption went from 215.4 MB to 212.9 MB.
Total: 8.902100 ms (FindLiveObjects: 0.704700 ms CreateObjectMapping: 0.671200 ms MarkObjects: 6.653700 ms  DeleteObjects: 0.870400 ms)

Prepare: number of updated asset objects reloaded= 0
AssetImportParameters requested are different than current active one (requested -> active):
  custom:container-demuxer-ogg: 62fdf1f143b41e24485cea50d1cbac27 -> 
  custom:video-codec-MediaFoundation-h265: 746d11721c4dcdbdad8f713fa42b33f4 -> 
  custom:video-decoder-ogg-theora: a1e56fd34408186e4bbccfd4996cb3dc -> 
  custom:framework-win-MediaFoundation: 216162199b28c13a410421893ffa2e32 -> 
  custom:CustomObjectIndexerAttribute: 3ead1caaecf1c488f20bcfeb224b6af5 -> 
  custom:container-demuxer-webm: 4f35f7cbe854078d1ac9338744f61a02 -> 
  custom:container-muxer-webm: aa71ff27fc2769a1b78a27578f13a17b -> 
  custom:video-decoder-webm-vp8: 9c59270c3fd7afecdb556c50c9e8de78 -> 
  custom:SearchIndexIgnoredProperties: e643bd26f0fe6173181afceb89e7c659 -> 
  custom:AudioImporter_EditorPlatform: d09bf68614088b80899f8185d706f6e7 -> 
  custom:video-encoder-webm-vp8: eb34c28f22e8b96e1ab97ce403110664 -> 
  custom:audio-decoder-ogg-vorbis: bf7c407c2cedff20999df2af8eb42d56 -> 
  custom:audio-encoder-webm-vorbis: bf7c407c2cedff20999df2af8eb42d56 -> 
========================================================================
Received Prepare
Caller must complete domain reload
Begin MonoManager ReloadAssembly
- Loaded All Assemblies, in  0.955 seconds
Native extension for WindowsStandalone target not found
Native extension for WebGL target not found
Mono: successfully reloaded assembly
- Finished resetting the current domain, in  2.664 seconds
Domain Reload Profiling: 3610ms
	BeginReloadAssembly (293ms)
		ExecutionOrderSort (0ms)
		DisableScriptedObjects (34ms)
		BackupInstance (0ms)
		ReleaseScriptingObjects (0ms)
		CreateAndSetChildDomain (61ms)
	RebuildCommonClasses (53ms)
	RebuildNativeTypeToScriptingClass (27ms)
	initialDomainReloadingComplete (57ms)
	LoadAllAssembliesAndSetupDomain (514ms)
		LoadAssemblies (617ms)
		RebuildTransferFunctionScriptingTraits (0ms)
		AnalyzeDomain (38ms)
			TypeCache.Refresh (11ms)
				TypeCache.ScanAssembly (0ms)
			ScanForSourceGeneratedMonoScriptInfo (0ms)
			ResolveRequiredComponents (24ms)
	FinalizeReload (2665ms)
		ReleaseScriptCaches (0ms)
		RebuildScriptCaches (0ms)
		SetupLoadedEditorAssemblies (1192ms)
			LogAssemblyErrors (0ms)
			InitializePlatformSupportModulesInManaged (19ms)
			SetLoadedEditorAssemblies (10ms)
			RefreshPlugins (0ms)
			BeforeProcessingInitializeOnLoad (188ms)
			ProcessInitializeOnLoadAttributes (804ms)
			ProcessInitializeOnLoadMethodAttributes (156ms)
			AfterProcessingInitializeOnLoad (16ms)
			EditorAssembliesLoaded (0ms)
		ExecutionOrderSort2 (0ms)
		AwakeInstancesAfterBackupRestoration (29ms)
Refreshing native plugins compatible for Editor in 9.55 ms, found 4 plugins.
Preloading 0 native plugins for Editor in 0.00 ms.
Unloading 5759 Unused Serialized files (Serialized files now loaded: 0)
Unloading 36 unused Assets / (2.4 MB). Loaded Objects now: 6474.
Memory consumption went from 215.4 MB to 213.0 MB.
Total: 7.142000 ms (FindLiveObjects: 0.783200 ms CreateObjectMapping: 0.748600 ms MarkObjects: 4.760200 ms  DeleteObjects: 0.848500 ms)

Prepare: number of updated asset objects reloaded= 0
AssetImportParameters requested are different than current active one (requested -> active):
  custom:container-demuxer-ogg: 62fdf1f143b41e24485cea50d1cbac27 -> 
  custom:video-codec-MediaFoundation-h265: 746d11721c4dcdbdad8f713fa42b33f4 -> 
  custom:video-decoder-ogg-theora: a1e56fd34408186e4bbccfd4996cb3dc -> 
  custom:framework-win-MediaFoundation: 216162199b28c13a410421893ffa2e32 -> 
  custom:CustomObjectIndexerAttribute: 3ead1caaecf1c488f20bcfeb224b6af5 -> 
  custom:container-demuxer-webm: 4f35f7cbe854078d1ac9338744f61a02 -> 
  custom:container-muxer-webm: aa71ff27fc2769a1b78a27578f13a17b -> 
  custom:video-decoder-webm-vp8: 9c59270c3fd7afecdb556c50c9e8de78 -> 
  custom:SearchIndexIgnoredProperties: e643bd26f0fe6173181afceb89e7c659 -> 
  custom:AudioImporter_EditorPlatform: d09bf68614088b80899f8185d706f6e7 -> 
  custom:video-encoder-webm-vp8: eb34c28f22e8b96e1ab97ce403110664 -> 
  custom:audio-decoder-ogg-vorbis: bf7c407c2cedff20999df2af8eb42d56 -> 
  custom:audio-encoder-webm-vorbis: bf7c407c2cedff20999df2af8eb42d56 -> 
========================================================================
Received Prepare
Caller must complete domain reload
Begin MonoManager ReloadAssembly
- Loaded All Assemblies, in  0.779 seconds
Native extension for WindowsStandalone target not found
Native extension for WebGL target not found
Mono: successfully reloaded assembly
- Finished resetting the current domain, in  2.092 seconds
Domain Reload Profiling: 2867ms
	BeginReloadAssembly (262ms)
		ExecutionOrderSort (0ms)
		DisableScriptedObjects (18ms)
		BackupInstance (0ms)
		ReleaseScriptingObjects (0ms)
		CreateAndSetChildDomain (68ms)
	RebuildCommonClasses (51ms)
	RebuildNativeTypeToScriptingClass (22ms)
	initialDomainReloadingComplete (43ms)
	LoadAllAssembliesAndSetupDomain (396ms)
		LoadAssemblies (481ms)
		RebuildTransferFunctionScriptingTraits (0ms)
		AnalyzeDomain (27ms)
			TypeCache.Refresh (9ms)
				TypeCache.ScanAssembly (0ms)
			ScanForSourceGeneratedMonoScriptInfo (0ms)
			ResolveRequiredComponents (16ms)
	FinalizeReload (2093ms)
		ReleaseScriptCaches (0ms)
		RebuildScriptCaches (0ms)
		SetupLoadedEditorAssemblies (977ms)
			LogAssemblyErrors (0ms)
			InitializePlatformSupportModulesInManaged (14ms)
			SetLoadedEditorAssemblies (6ms)
			RefreshPlugins (0ms)
			BeforeProcessingInitializeOnLoad (138ms)
			ProcessInitializeOnLoadAttributes (650ms)
			ProcessInitializeOnLoadMethodAttributes (153ms)
			AfterProcessingInitializeOnLoad (16ms)
			EditorAssembliesLoaded (1ms)
		ExecutionOrderSort2 (0ms)
		AwakeInstancesAfterBackupRestoration (30ms)
Refreshing native plugins compatible for Editor in 13.37 ms, found 4 plugins.
Preloading 0 native plugins for Editor in 0.00 ms.
Unloading 5759 Unused Serialized files (Serialized files now loaded: 0)
Unloading 36 unused Assets / (2.4 MB). Loaded Objects now: 6478.
Memory consumption went from 215.4 MB to 213.0 MB.
Total: 6.840900 ms (FindLiveObjects: 0.668300 ms CreateObjectMapping: 0.653400 ms MarkObjects: 4.711000 ms  DeleteObjects: 0.806500 ms)

Prepare: number of updated asset objects reloaded= 0
AssetImportParameters requested are different than current active one (requested -> active):
  custom:container-demuxer-ogg: 62fdf1f143b41e24485cea50d1cbac27 -> 
  custom:video-codec-MediaFoundation-h265: 746d11721c4dcdbdad8f713fa42b33f4 -> 
  custom:video-decoder-ogg-theora: a1e56fd34408186e4bbccfd4996cb3dc -> 
  custom:framework-win-MediaFoundation: 216162199b28c13a410421893ffa2e32 -> 
  custom:CustomObjectIndexerAttribute: 3ead1caaecf1c488f20bcfeb224b6af5 -> 
  custom:container-demuxer-webm: 4f35f7cbe854078d1ac9338744f61a02 -> 
  custom:container-muxer-webm: aa71ff27fc2769a1b78a27578f13a17b -> 
  custom:video-decoder-webm-vp8: 9c59270c3fd7afecdb556c50c9e8de78 -> 
  custom:SearchIndexIgnoredProperties: e643bd26f0fe6173181afceb89e7c659 -> 
  custom:AudioImporter_EditorPlatform: d09bf68614088b80899f8185d706f6e7 -> 
  custom:video-encoder-webm-vp8: eb34c28f22e8b96e1ab97ce403110664 -> 
  custom:audio-decoder-ogg-vorbis: bf7c407c2cedff20999df2af8eb42d56 -> 
  custom:audio-encoder-webm-vorbis: bf7c407c2cedff20999df2af8eb42d56 -> 
========================================================================
Received Prepare
Caller must complete domain reload
Begin MonoManager ReloadAssembly
- Loaded All Assemblies, in  0.929 seconds
Native extension for WindowsStandalone target not found
Native extension for WebGL target not found
Mono: successfully reloaded assembly
- Finished resetting the current domain, in  2.632 seconds
Domain Reload Profiling: 3553ms
	BeginReloadAssembly (307ms)
		ExecutionOrderSort (0ms)
		DisableScriptedObjects (28ms)
		BackupInstance (0ms)
		ReleaseScriptingObjects (0ms)
		CreateAndSetChildDomain (59ms)
	RebuildCommonClasses (55ms)
	RebuildNativeTypeToScriptingClass (20ms)
	initialDomainReloadingComplete (56ms)
	LoadAllAssembliesAndSetupDomain (482ms)
		LoadAssemblies (595ms)
		RebuildTransferFunctionScriptingTraits (0ms)
		AnalyzeDomain (36ms)
			TypeCache.Refresh (11ms)
				TypeCache.ScanAssembly (0ms)
			ScanForSourceGeneratedMonoScriptInfo (0ms)
			ResolveRequiredComponents (24ms)
	FinalizeReload (2633ms)
		ReleaseScriptCaches (0ms)
		RebuildScriptCaches (0ms)
		SetupLoadedEditorAssemblies (1148ms)
			LogAssemblyErrors (0ms)
			InitializePlatformSupportModulesInManaged (17ms)
			SetLoadedEditorAssemblies (10ms)
			RefreshPlugins (0ms)
			BeforeProcessingInitializeOnLoad (191ms)
			ProcessInitializeOnLoadAttributes (750ms)
			ProcessInitializeOnLoadMethodAttributes (163ms)
			AfterProcessingInitializeOnLoad (17ms)
			EditorAssembliesLoaded (0ms)
		ExecutionOrderSort2 (0ms)
		AwakeInstancesAfterBackupRestoration (34ms)
Refreshing native plugins compatible for Editor in 10.79 ms, found 4 plugins.
Preloading 0 native plugins for Editor in 0.00 ms.
Unloading 5759 Unused Serialized files (Serialized files now loaded: 0)
Unloading 36 unused Assets / (2.4 MB). Loaded Objects now: 6482.
Memory consumption went from 215.3 MB to 212.9 MB.
Total: 9.225400 ms (FindLiveObjects: 1.497800 ms CreateObjectMapping: 0.907500 ms MarkObjects: 5.461600 ms  DeleteObjects: 1.355700 ms)

Prepare: number of updated asset objects reloaded= 0
AssetImportParameters requested are different than current active one (requested -> active):
  custom:container-demuxer-ogg: 62fdf1f143b41e24485cea50d1cbac27 -> 
  custom:video-codec-MediaFoundation-h265: 746d11721c4dcdbdad8f713fa42b33f4 -> 
  custom:video-decoder-ogg-theora: a1e56fd34408186e4bbccfd4996cb3dc -> 
  custom:framework-win-MediaFoundation: 216162199b28c13a410421893ffa2e32 -> 
  custom:CustomObjectIndexerAttribute: 3ead1caaecf1c488f20bcfeb224b6af5 -> 
  custom:container-demuxer-webm: 4f35f7cbe854078d1ac9338744f61a02 -> 
  custom:container-muxer-webm: aa71ff27fc2769a1b78a27578f13a17b -> 
  custom:video-decoder-webm-vp8: 9c59270c3fd7afecdb556c50c9e8de78 -> 
  custom:SearchIndexIgnoredProperties: e643bd26f0fe6173181afceb89e7c659 -> 
  custom:AudioImporter_EditorPlatform: d09bf68614088b80899f8185d706f6e7 -> 
  custom:video-encoder-webm-vp8: eb34c28f22e8b96e1ab97ce403110664 -> 
  custom:audio-decoder-ogg-vorbis: bf7c407c2cedff20999df2af8eb42d56 -> 
  custom:audio-encoder-webm-vorbis: bf7c407c2cedff20999df2af8eb42d56 -> 
========================================================================
Received Prepare
Caller must complete domain reload
Begin MonoManager ReloadAssembly
- Loaded All Assemblies, in  0.842 seconds
Native extension for WindowsStandalone target not found
Native extension for WebGL target not found
Mono: successfully reloaded assembly
- Finished resetting the current domain, in  2.705 seconds
Domain Reload Profiling: 3540ms
	BeginReloadAssembly (258ms)
		ExecutionOrderSort (0ms)
		DisableScriptedObjects (29ms)
		BackupInstance (0ms)
		ReleaseScriptingObjects (0ms)
		CreateAndSetChildDomain (55ms)
	RebuildCommonClasses (53ms)
	RebuildNativeTypeToScriptingClass (16ms)
	initialDomainReloadingComplete (48ms)
	LoadAllAssembliesAndSetupDomain (459ms)
		LoadAssemblies (540ms)
		RebuildTransferFunctionScriptingTraits (0ms)
		AnalyzeDomain (37ms)
			TypeCache.Refresh (12ms)
				TypeCache.ScanAssembly (0ms)
			ScanForSourceGeneratedMonoScriptInfo (0ms)
			ResolveRequiredComponents (23ms)
	FinalizeReload (2706ms)
		ReleaseScriptCaches (0ms)
		RebuildScriptCaches (0ms)
		SetupLoadedEditorAssemblies (1130ms)
			LogAssemblyErrors (0ms)
			InitializePlatformSupportModulesInManaged (16ms)
			SetLoadedEditorAssemblies (7ms)
			RefreshPlugins (0ms)
			BeforeProcessingInitializeOnLoad (186ms)
			ProcessInitializeOnLoadAttributes (751ms)
			ProcessInitializeOnLoadMethodAttributes (154ms)
			AfterProcessingInitializeOnLoad (15ms)
			EditorAssembliesLoaded (0ms)
		ExecutionOrderSort2 (0ms)
		AwakeInstancesAfterBackupRestoration (29ms)
Refreshing native plugins compatible for Editor in 10.04 ms, found 4 plugins.
Preloading 0 native plugins for Editor in 0.00 ms.
Unloading 5759 Unused Serialized files (Serialized files now loaded: 0)
Unloading 36 unused Assets / (2.4 MB). Loaded Objects now: 6486.
Memory consumption went from 215.4 MB to 213.0 MB.
Total: 8.900500 ms (FindLiveObjects: 0.809000 ms CreateObjectMapping: 0.724600 ms MarkObjects: 6.413100 ms  DeleteObjects: 0.952400 ms)

Prepare: number of updated asset objects reloaded= 0
AssetImportParameters requested are different than current active one (requested -> active):
  custom:container-demuxer-ogg: 62fdf1f143b41e24485cea50d1cbac27 -> 
  custom:video-codec-MediaFoundation-h265: 746d11721c4dcdbdad8f713fa42b33f4 -> 
  custom:video-decoder-ogg-theora: a1e56fd34408186e4bbccfd4996cb3dc -> 
  custom:framework-win-MediaFoundation: 216162199b28c13a410421893ffa2e32 -> 
  custom:CustomObjectIndexerAttribute: 3ead1caaecf1c488f20bcfeb224b6af5 -> 
  custom:container-demuxer-webm: 4f35f7cbe854078d1ac9338744f61a02 -> 
  custom:container-muxer-webm: aa71ff27fc2769a1b78a27578f13a17b -> 
  custom:video-decoder-webm-vp8: 9c59270c3fd7afecdb556c50c9e8de78 -> 
  custom:SearchIndexIgnoredProperties: e643bd26f0fe6173181afceb89e7c659 -> 
  custom:AudioImporter_EditorPlatform: d09bf68614088b80899f8185d706f6e7 -> 
  custom:video-encoder-webm-vp8: eb34c28f22e8b96e1ab97ce403110664 -> 
  custom:audio-decoder-ogg-vorbis: bf7c407c2cedff20999df2af8eb42d56 -> 
  custom:audio-encoder-webm-vorbis: bf7c407c2cedff20999df2af8eb42d56 -> 
========================================================================
Received Import Request.
  Time since last request: 1591.725864 seconds.
  path: Assets/Lighting
  artifactKey: Guid(9a76a24b0ecf1a842b46a16cd933ee46) Importer(815301076,1909f56bfc062723c751e8b465ee728b)
Start importing Assets/Lighting using Guid(9a76a24b0ecf1a842b46a16cd933ee46) Importer(815301076,1909f56bfc062723c751e8b465ee728b) [PhysX] Initialized MultithreadedTaskDispatcher with 8 workers.
 -> (artifact id: '7184f7d406175ff28018ad8c699995c8') in 0.003095 seconds
Number of updated asset objects reloaded before import = 0
Number of asset objects unloaded after import = 0
========================================================================
Received Import Request.
  Time since last request: 64.745436 seconds.
  path: Assets/Lighting/NewBehaviourScript.cs
  artifactKey: Guid(9d8d3a19ce4fa194490439ea7b542fcb) Importer(815301076,1909f56bfc062723c751e8b465ee728b)
Start importing Assets/Lighting/NewBehaviourScript.cs using Guid(9d8d3a19ce4fa194490439ea7b542fcb) Importer(815301076,1909f56bfc062723c751e8b465ee728b) [PhysX] Initialized MultithreadedTaskDispatcher with 8 workers.
 -> (artifact id: '3af3763b3fed221478f2e9a009a0b065') in 0.000849 seconds
Number of updated asset objects reloaded before import = 0
Number of asset objects unloaded after import = 0
========================================================================
Received Prepare
Caller must complete domain reload
Begin MonoManager ReloadAssembly
- Loaded All Assemblies, in  0.812 seconds
Native extension for WindowsStandalone target not found
Native extension for WebGL target not found
Mono: successfully reloaded assembly
- Finished resetting the current domain, in  1.670 seconds
Domain Reload Profiling: 2476ms
	BeginReloadAssembly (227ms)
		ExecutionOrderSort (0ms)
		DisableScriptedObjects (13ms)
		BackupInstance (0ms)
		ReleaseScriptingObjects (0ms)
		CreateAndSetChildDomain (54ms)
	RebuildCommonClasses (54ms)
	RebuildNativeTypeToScriptingClass (17ms)
	initialDomainReloadingComplete (53ms)
	LoadAllAssembliesAndSetupDomain (455ms)
		LoadAssemblies (549ms)
		RebuildTransferFunctionScriptingTraits (0ms)
		AnalyzeDomain (27ms)
			TypeCache.Refresh (10ms)
				TypeCache.ScanAssembly (0ms)
			ScanForSourceGeneratedMonoScriptInfo (0ms)
			ResolveRequiredComponents (16ms)
	FinalizeReload (1670ms)
		ReleaseScriptCaches (0ms)
		RebuildScriptCaches (0ms)
		SetupLoadedEditorAssemblies (701ms)
			LogAssemblyErrors (0ms)
			InitializePlatformSupportModulesInManaged (12ms)
			SetLoadedEditorAssemblies (4ms)
			RefreshPlugins (0ms)
			BeforeProcessingInitializeOnLoad (114ms)
			ProcessInitializeOnLoadAttributes (470ms)
			ProcessInitializeOnLoadMethodAttributes (90ms)
			AfterProcessingInitializeOnLoad (10ms)
			EditorAssembliesLoaded (0ms)
		ExecutionOrderSort2 (0ms)
		AwakeInstancesAfterBackupRestoration (18ms)
Refreshing native plugins compatible for Editor in 8.15 ms, found 4 plugins.
Preloading 0 native plugins for Editor in 0.00 ms.
Unloading 5758 Unused Serialized files (Serialized files now loaded: 0)
Unloading 36 unused Assets / (2.4 MB). Loaded Objects now: 6490.
Memory consumption went from 215.1 MB to 212.7 MB.
Total: 5.244500 ms (FindLiveObjects: 0.536000 ms CreateObjectMapping: 0.520900 ms MarkObjects: 3.341500 ms  DeleteObjects: 0.844800 ms)

Prepare: number of updated asset objects reloaded= 0
AssetImportParameters requested are different than current active one (requested -> active):
  custom:container-demuxer-ogg: 62fdf1f143b41e24485cea50d1cbac27 -> 
  custom:video-codec-MediaFoundation-h265: 746d11721c4dcdbdad8f713fa42b33f4 -> 
  custom:video-decoder-ogg-theora: a1e56fd34408186e4bbccfd4996cb3dc -> 
  custom:framework-win-MediaFoundation: 216162199b28c13a410421893ffa2e32 -> 
  custom:CustomObjectIndexerAttribute: 3ead1caaecf1c488f20bcfeb224b6af5 -> 
  custom:container-demuxer-webm: 4f35f7cbe854078d1ac9338744f61a02 -> 
  custom:container-muxer-webm: aa71ff27fc2769a1b78a27578f13a17b -> 
  custom:video-decoder-webm-vp8: 9c59270c3fd7afecdb556c50c9e8de78 -> 
  custom:SearchIndexIgnoredProperties: e643bd26f0fe6173181afceb89e7c659 -> 
  custom:AudioImporter_EditorPlatform: d09bf68614088b80899f8185d706f6e7 -> 
  custom:video-encoder-webm-vp8: eb34c28f22e8b96e1ab97ce403110664 -> 
  custom:audio-decoder-ogg-vorbis: bf7c407c2cedff20999df2af8eb42d56 -> 
  custom:audio-encoder-webm-vorbis: bf7c407c2cedff20999df2af8eb42d56 -> 
========================================================================
Received Import Request.
  Time since last request: 33.490098 seconds.
  path: Assets/Lighting/New Universal Render Pipeline Asset.asset
  artifactKey: Guid(c47647a1e281bce4c9ad5f0e63ff51bb) Importer(815301076,1909f56bfc062723c751e8b465ee728b)
Start importing Assets/Lighting/New Universal Render Pipeline Asset.asset using Guid(c47647a1e281bce4c9ad5f0e63ff51bb) Importer(815301076,1909f56bfc062723c751e8b465ee728b) [PhysX] Initialized MultithreadedTaskDispatcher with 8 workers.
 -> (artifact id: '7b042d76a1f357e9cdf59f2c42de5dae') in 0.077958 seconds
Number of updated asset objects reloaded before import = 0
Number of asset objects unloaded after import = 50
========================================================================
Received Prepare
Switching render pipeline 00000000000000000000000000000000 -> c47647a1e281bce4c9ad5f0e63ff51bb
Refreshing native plugins compatible for Editor in 10.74 ms, found 4 plugins.
Preloading 0 native plugins for Editor in 0.00 ms.
Unloading 66 Unused Serialized files (Serialized files now loaded: 0)
Unloading 17 unused Assets / (2.4 MB). Loaded Objects now: 6540.
Memory consumption went from 132.2 MB to 129.8 MB.
Total: 6.894800 ms (FindLiveObjects: 0.593300 ms CreateObjectMapping: 0.648700 ms MarkObjects: 4.828000 ms  DeleteObjects: 0.823500 ms)

Prepare: number of updated asset objects reloaded= 0
AssetImportParameters requested are different than current active one (requested -> active):
  custom:container-demuxer-ogg: 62fdf1f143b41e24485cea50d1cbac27 -> 
  custom:video-codec-MediaFoundation-h265: 746d11721c4dcdbdad8f713fa42b33f4 -> 
  custom:video-decoder-ogg-theora: a1e56fd34408186e4bbccfd4996cb3dc -> 
  custom:framework-win-MediaFoundation: 216162199b28c13a410421893ffa2e32 -> 
  custom:CustomObjectIndexerAttribute: 3ead1caaecf1c488f20bcfeb224b6af5 -> 
  custom:container-demuxer-webm: 4f35f7cbe854078d1ac9338744f61a02 -> 
  custom:container-muxer-webm: aa71ff27fc2769a1b78a27578f13a17b -> 
  custom:video-decoder-webm-vp8: 9c59270c3fd7afecdb556c50c9e8de78 -> 
  custom:SearchIndexIgnoredProperties: e643bd26f0fe6173181afceb89e7c659 -> 
  custom:AudioImporter_EditorPlatform: d09bf68614088b80899f8185d706f6e7 -> 
  custom:video-encoder-webm-vp8: eb34c28f22e8b96e1ab97ce403110664 -> 
  custom:audio-decoder-ogg-vorbis: bf7c407c2cedff20999df2af8eb42d56 -> 
  custom:audio-encoder-webm-vorbis: bf7c407c2cedff20999df2af8eb42d56 -> 
========================================================================
Received Import Request.
  Time since last request: 66.408665 seconds.
  path: Assets/Lighting/New Universal Render Pipeline Asset.asset
  artifactKey: Guid(c47647a1e281bce4c9ad5f0e63ff51bb) Importer(815301076,1909f56bfc062723c751e8b465ee728b)
Start importing Assets/Lighting/New Universal Render Pipeline Asset.asset using Guid(c47647a1e281bce4c9ad5f0e63ff51bb) Importer(815301076,1909f56bfc062723c751e8b465ee728b) [PhysX] Initialized MultithreadedTaskDispatcher with 8 workers.
 -> (artifact id: '35c2dbb5afb52a39f6d6f6525c08dde3') in 0.008774 seconds
Number of updated asset objects reloaded before import = 1
Number of asset objects unloaded after import = 0
========================================================================
Received Import Request.
  Time since last request: 84.283158 seconds.
  path: Assets/0_BlackerSansProVariableGX.ttf
  artifactKey: Guid(7c8982b6e2b685348801067175edac9c) Importer(815301076,1909f56bfc062723c751e8b465ee728b)
Start importing Assets/0_BlackerSansProVariableGX.ttf using Guid(7c8982b6e2b685348801067175edac9c) Importer(815301076,1909f56bfc062723c751e8b465ee728b) [PhysX] Initialized MultithreadedTaskDispatcher with 8 workers.
[PhysX] Initialized MultithreadedTaskDispatcher with 8 workers.
[PhysX] Initialized MultithreadedTaskDispatcher with 8 workers.
 -> (artifact id: 'e7999a4e8524dbde078c435d5902e12f') in 0.692498 seconds
Number of updated asset objects reloaded before import = 0
Number of asset objects unloaded after import = 24
========================================================================
Received Import Request.
  Time since last request: 0.000033 seconds.
  path: Assets/sketch1735854030413.png
  artifactKey: Guid(a9bf28246e707c24297a6d34ff81ae97) Importer(815301076,1909f56bfc062723c751e8b465ee728b)
Start importing Assets/sketch1735854030413.png using Guid(a9bf28246e707c24297a6d34ff81ae97) Importer(815301076,1909f56bfc062723c751e8b465ee728b) [PhysX] Initialized MultithreadedTaskDispatcher with 8 workers.
[PhysX] Initialized MultithreadedTaskDispatcher with 8 workers.
 -> (artifact id: 'ac2cac048e5f25c7343440083b966089') in 0.050848 seconds
Number of updated asset objects reloaded before import = 0
Number of asset objects unloaded after import = 3
========================================================================
Received Import Request.
  Time since last request: 0.000038 seconds.
  path: Assets/UniversalRenderPipelineGlobalSettings.asset
  artifactKey: Guid(e198608b462c45c459453ff1f56c6e74) Importer(815301076,1909f56bfc062723c751e8b465ee728b)
Start importing Assets/UniversalRenderPipelineGlobalSettings.asset using Guid(e198608b462c45c459453ff1f56c6e74) Importer(815301076,1909f56bfc062723c751e8b465ee728b) [PhysX] Initialized MultithreadedTaskDispatcher with 8 workers.
 -> (artifact id: '47b89e3a7728b11f8a110b971b0f4b18') in 0.002472 seconds
Number of updated asset objects reloaded before import = 0
Number of asset objects unloaded after import = 1
========================================================================
Received Import Request.
  Time since last request: 0.000040 seconds.
  path: Assets/New Terrain.asset
  artifactKey: Guid(17ada594a96be584abd3557bc3e594ce) Importer(815301076,1909f56bfc062723c751e8b465ee728b)
Start importing Assets/New Terrain.asset using Guid(17ada594a96be584abd3557bc3e594ce) Importer(815301076,1909f56bfc062723c751e8b465ee728b) [PhysX] Initialized MultithreadedTaskDispatcher with 8 workers.
 -> (artifact id: '76fa9589c95083c4f1d1eb33068c528b') in 0.015880 seconds
Number of updated asset objects reloaded before import = 0
Number of asset objects unloaded after import = 1
========================================================================
Received Import Request.
  Time since last request: 0.000046 seconds.
  path: Assets/Light.mat
  artifactKey: Guid(4701a051497e971409671510e13a5b51) Importer(815301076,1909f56bfc062723c751e8b465ee728b)
Start importing Assets/Light.mat using Guid(4701a051497e971409671510e13a5b51) Importer(815301076,1909f56bfc062723c751e8b465ee728b) [PhysX] Initialized MultithreadedTaskDispatcher with 8 workers.
[PhysX] Initialized MultithreadedTaskDispatcher with 8 workers.
 -> (artifact id: '177223ed9a00c0ed01bbb7601c76d1c4') in 0.037401 seconds
Number of updated asset objects reloaded before import = 0
Number of asset objects unloaded after import = 2
========================================================================
Received Import Request.
  Time since last request: 4.437687 seconds.
  path: Assets/TextMesh Pro/Fonts/0_BlackerSansProVariableGX SDF.asset
  artifactKey: Guid(1ca204e2cbbfbf545897b8caea37c7a2) Importer(815301076,1909f56bfc062723c751e8b465ee728b)
Start importing Assets/TextMesh Pro/Fonts/0_BlackerSansProVariableGX SDF.asset using Guid(1ca204e2cbbfbf545897b8caea37c7a2) Importer(815301076,1909f56bfc062723c751e8b465ee728b) [PhysX] Initialized MultithreadedTaskDispatcher with 8 workers.
[PhysX] Initialized MultithreadedTaskDispatcher with 8 workers.
[PhysX] Initialized MultithreadedTaskDispatcher with 8 workers.
 -> (artifact id: '99ada8f30b966b43f7ac64d79661d68f') in 0.057168 seconds
Number of updated asset objects reloaded before import = 0
Number of asset objects unloaded after import = 7
========================================================================
Received Import Request.
  Time since last request: 0.000029 seconds.
  path: Assets/FastMesh/Materials/IconSign 4.mat
  artifactKey: Guid(8294c13b0ed5c0240aff293c2c557de0) Importer(815301076,1909f56bfc062723c751e8b465ee728b)
Start importing Assets/FastMesh/Materials/IconSign 4.mat using Guid(8294c13b0ed5c0240aff293c2c557de0) Importer(815301076,1909f56bfc062723c751e8b465ee728b) [PhysX] Initialized MultithreadedTaskDispatcher with 8 workers.
[PhysX] Initialized MultithreadedTaskDispatcher with 8 workers.
 -> (artifact id: 'f13391a0fe0a8440b4754583d7b8d2a9') in 0.017200 seconds
Number of updated asset objects reloaded before import = 0
Number of asset objects unloaded after import = 3
========================================================================
Received Import Request.
  Time since last request: 0.000031 seconds.
  path: Assets/Fries and Seagull/Interior 01/Materials/Computer Spot Light Box.mat
  artifactKey: Guid(820cf73bf50873e44a5e57143e6d2ec3) Importer(815301076,1909f56bfc062723c751e8b465ee728b)
Start importing Assets/Fries and Seagull/Interior 01/Materials/Computer Spot Light Box.mat using Guid(820cf73bf50873e44a5e57143e6d2ec3) Importer(815301076,1909f56bfc062723c751e8b465ee728b) [PhysX] Initialized MultithreadedTaskDispatcher with 8 workers.
[PhysX] Initialized MultithreadedTaskDispatcher with 8 workers.
 -> (artifact id: 'f62fb176c57236f76416ad2be630ee48') in 0.872512 seconds
Number of updated asset objects reloaded before import = 0
Number of asset objects unloaded after import = 2
========================================================================
Received Import Request.
  Time since last request: 0.000029 seconds.
  path: Assets/Office Pack/Texture/Materials/Default_ColorPallete.mat
  artifactKey: Guid(ae4860874479ab345add4682742be6c8) Importer(815301076,1909f56bfc062723c751e8b465ee728b)
Start importing Assets/Office Pack/Texture/Materials/Default_ColorPallete.mat using Guid(ae4860874479ab345add4682742be6c8) Importer(815301076,1909f56bfc062723c751e8b465ee728b) [PhysX] Initialized MultithreadedTaskDispatcher with 8 workers.
[PhysX] Initialized MultithreadedTaskDispatcher with 8 workers.
 -> (artifact id: 'fff00e9c3ced52bd7b333a2616239275') in 0.017703 seconds
Number of updated asset objects reloaded before import = 0
Number of asset objects unloaded after import = 3
========================================================================
Received Import Request.
  Time since last request: 0.000041 seconds.
  path: Assets/FastMesh/Materials/Beige 1.mat
  artifactKey: Guid(a8c33543fc2059e4ba389a887e077ea5) Importer(815301076,1909f56bfc062723c751e8b465ee728b)
Start importing Assets/FastMesh/Materials/Beige 1.mat using Guid(a8c33543fc2059e4ba389a887e077ea5) Importer(815301076,1909f56bfc062723c751e8b465ee728b) [PhysX] Initialized MultithreadedTaskDispatcher with 8 workers.
[PhysX] Initialized MultithreadedTaskDispatcher with 8 workers.
 -> (artifact id: '99255a3784b27273442ccb6a0ed89c79') in 0.012116 seconds
Number of updated asset objects reloaded before import = 0
Number of asset objects unloaded after import = 2
========================================================================
Received Import Request.
  Time since last request: 0.000032 seconds.
  path: Assets/Office Pack/Texture/Materials/Bulb.mat
  artifactKey: Guid(d977e8c82dccd4d4cadd8ac4c30822e8) Importer(815301076,1909f56bfc062723c751e8b465ee728b)
Start importing Assets/Office Pack/Texture/Materials/Bulb.mat using Guid(d977e8c82dccd4d4cadd8ac4c30822e8) Importer(815301076,1909f56bfc062723c751e8b465ee728b) [PhysX] Initialized MultithreadedTaskDispatcher with 8 workers.
[PhysX] Initialized MultithreadedTaskDispatcher with 8 workers.
 -> (artifact id: 'd718c663884451b2433e7e979c26686a') in 0.010241 seconds
Number of updated asset objects reloaded before import = 0
Number of asset objects unloaded after import = 2
========================================================================
Received Import Request.
  Time since last request: 0.000029 seconds.
  path: Assets/TextMesh Pro/Examples & Extras/Fonts/Oswald-Bold.ttf
  artifactKey: Guid(c9f6d0e7bc8541498c9a4799ba184ede) Importer(815301076,1909f56bfc062723c751e8b465ee728b)
Start importing Assets/TextMesh Pro/Examples & Extras/Fonts/Oswald-Bold.ttf using Guid(c9f6d0e7bc8541498c9a4799ba184ede) Importer(815301076,1909f56bfc062723c751e8b465ee728b) [PhysX] Initialized MultithreadedTaskDispatcher with 8 workers.
[PhysX] Initialized MultithreadedTaskDispatcher with 8 workers.
[PhysX] Initialized MultithreadedTaskDispatcher with 8 workers.
 -> (artifact id: '1520ee5d7c194e8e2baa344047ae17f8') in 0.018258 seconds
Number of updated asset objects reloaded before import = 0
Number of asset objects unloaded after import = 5
========================================================================
Received Import Request.
  Time since last request: 0.000027 seconds.
  path: Assets/FastMesh/Materials/Floor.mat
  artifactKey: Guid(c7eb31070736b31418647e46715fb93d) Importer(815301076,1909f56bfc062723c751e8b465ee728b)
Start importing Assets/FastMesh/Materials/Floor.mat using Guid(c7eb31070736b31418647e46715fb93d) Importer(815301076,1909f56bfc062723c751e8b465ee728b) [PhysX] Initialized MultithreadedTaskDispatcher with 8 workers.
[PhysX] Initialized MultithreadedTaskDispatcher with 8 workers.
 -> (artifact id: '9f605f3599462e73baf59f40ec482d3b') in 0.012551 seconds
Number of updated asset objects reloaded before import = 0
Number of asset objects unloaded after import = 2
========================================================================
Received Import Request.
  Time since last request: 0.000038 seconds.
  path: Assets/Fries and Seagull/Interior 01/Effect/Alpha.mat
  artifactKey: Guid(a1df6fb7dead5ed4b87669cb6dfb8208) Importer(815301076,1909f56bfc062723c751e8b465ee728b)
Start importing Assets/Fries and Seagull/Interior 01/Effect/Alpha.mat using Guid(a1df6fb7dead5ed4b87669cb6dfb8208) Importer(815301076,1909f56bfc062723c751e8b465ee728b) [PhysX] Initialized MultithreadedTaskDispatcher with 8 workers.
[PhysX] Initialized MultithreadedTaskDispatcher with 8 workers.
 -> (artifact id: '39f6a539358ea3d9a17a6f9564f363d8') in 0.688386 seconds
Number of updated asset objects reloaded before import = 0
Number of asset objects unloaded after import = 2
========================================================================
Received Import Request.
  Time since last request: 0.000033 seconds.
  path: Assets/TextMesh Pro/Examples & Extras/Resources/Fonts & Materials/Anton SDF - Drop Shadow.mat
  artifactKey: Guid(749b9069dc4742c5bfa5c74644049926) Importer(815301076,1909f56bfc062723c751e8b465ee728b)
Start importing Assets/TextMesh Pro/Examples & Extras/Resources/Fonts & Materials/Anton SDF - Drop Shadow.mat using Guid(749b9069dc4742c5bfa5c74644049926) Importer(815301076,1909f56bfc062723c751e8b465ee728b) [PhysX] Initialized MultithreadedTaskDispatcher with 8 workers.
[PhysX] Initialized MultithreadedTaskDispatcher with 8 workers.
 -> (artifact id: 'ed06513d7bcc2947c2f57a300e735203') in 0.045362 seconds
Number of updated asset objects reloaded before import = 0
Number of asset objects unloaded after import = 3
========================================================================
Received Import Request.
  Time since last request: 0.000043 seconds.
  path: Assets/TextMesh Pro/Examples & Extras/Resources/Fonts & Materials/Electronic Highway Sign SDF.asset
  artifactKey: Guid(dc36b3fdc14f47ebb36fd484a67e268a) Importer(815301076,1909f56bfc062723c751e8b465ee728b)
Start importing Assets/TextMesh Pro/Examples & Extras/Resources/Fonts & Materials/Electronic Highway Sign SDF.asset using Guid(dc36b3fdc14f47ebb36fd484a67e268a) Importer(815301076,1909f56bfc062723c751e8b465ee728b) [PhysX] Initialized MultithreadedTaskDispatcher with 8 workers.
[PhysX] Initialized MultithreadedTaskDispatcher with 8 workers.
[PhysX] Initialized MultithreadedTaskDispatcher with 8 workers.
 -> (artifact id: 'f08ca739a1d76164ea8014a678c62e20') in 0.060523 seconds
Number of updated asset objects reloaded before import = 0
Number of asset objects unloaded after import = 7
========================================================================
Received Import Request.
  Time since last request: 0.000031 seconds.
  path: Assets/FastMesh/Materials/IconSign 1.mat
  artifactKey: Guid(c7b53a8a1e67e3d4db6b37dacb6dec63) Importer(815301076,1909f56bfc062723c751e8b465ee728b)
Start importing Assets/FastMesh/Materials/IconSign 1.mat using Guid(c7b53a8a1e67e3d4db6b37dacb6dec63) Importer(815301076,1909f56bfc062723c751e8b465ee728b) [PhysX] Initialized MultithreadedTaskDispatcher with 8 workers.
[PhysX] Initialized MultithreadedTaskDispatcher with 8 workers.
 -> (artifact id: '82e718de7c2eb49fa0f4da8d6c931846') in 0.017426 seconds
Number of updated asset objects reloaded before import = 0
Number of asset objects unloaded after import = 3
========================================================================
Received Import Request.
  Time since last request: 0.000031 seconds.
  path: Assets/school/material/Materials/floor_color.mat
  artifactKey: Guid(1dbcdd8ff94528e48b2ec42b537b1d40) Importer(815301076,1909f56bfc062723c751e8b465ee728b)
Start importing Assets/school/material/Materials/floor_color.mat using Guid(1dbcdd8ff94528e48b2ec42b537b1d40) Importer(815301076,1909f56bfc062723c751e8b465ee728b) [PhysX] Initialized MultithreadedTaskDispatcher with 8 workers.
[PhysX] Initialized MultithreadedTaskDispatcher with 8 workers.
 -> (artifact id: 'd2c65a3e1b36c3b7193f3f6ae287b087') in 0.016795 seconds
Number of updated asset objects reloaded before import = 0
Number of asset objects unloaded after import = 2
========================================================================
Received Import Request.
  Time since last request: 0.000036 seconds.
  path: Assets/TextMesh Pro/Examples & Extras/Resources/Fonts & Materials/Bangers SDF - Outline.mat
  artifactKey: Guid(f629c6e43dba4bf38cb74d8860150664) Importer(815301076,1909f56bfc062723c751e8b465ee728b)
Start importing Assets/TextMesh Pro/Examples & Extras/Resources/Fonts & Materials/Bangers SDF - Outline.mat using Guid(f629c6e43dba4bf38cb74d8860150664) Importer(815301076,1909f56bfc062723c751e8b465ee728b) [PhysX] Initialized MultithreadedTaskDispatcher with 8 workers.
[PhysX] Initialized MultithreadedTaskDispatcher with 8 workers.
 -> (artifact id: '42c49f37b4a5d3f17c6e9481acb73591') in 0.047001 seconds
Number of updated asset objects reloaded before import = 0
Number of asset objects unloaded after import = 3
========================================================================
Received Import Request.
  Time since last request: 0.000033 seconds.
  path: Assets/TextMesh Pro/Examples & Extras/Resources/Fonts & Materials/Anton SDF - Sunny Days.mat
  artifactKey: Guid(6522f30e342599e4e9dd4cc2cc03c830) Importer(815301076,1909f56bfc062723c751e8b465ee728b)
Start importing Assets/TextMesh Pro/Examples & Extras/Resources/Fonts & Materials/Anton SDF - Sunny Days.mat using Guid(6522f30e342599e4e9dd4cc2cc03c830) Importer(815301076,1909f56bfc062723c751e8b465ee728b) [PhysX] Initialized MultithreadedTaskDispatcher with 8 workers.
[PhysX] Initialized MultithreadedTaskDispatcher with 8 workers.
 -> (artifact id: '4f3a6163af5366af67fd085f64e0dd31') in 0.086594 seconds
Number of updated asset objects reloaded before import = 0
Number of asset objects unloaded after import = 5
========================================================================
Received Import Request.
  Time since last request: 0.000096 seconds.
  path: Assets/Office Pack/Models/Laptop/Laptop/Laptop_LOD1.fbx
  artifactKey: Guid(08647b5d3f82def4ba2d226f2c260ada) Importer(815301076,1909f56bfc062723c751e8b465ee728b)
Start importing Assets/Office Pack/Models/Laptop/Laptop/Laptop_LOD1.fbx using Guid(08647b5d3f82def4ba2d226f2c260ada) Importer(815301076,1909f56bfc062723c751e8b465ee728b) [PhysX] Initialized MultithreadedTaskDispatcher with 8 workers.
 -> (artifact id: 'cb3a0da917d60aa169365b9b95e0bf6d') in 0.001786 seconds
Number of updated asset objects reloaded before import = 0
Number of asset objects unloaded after import = 0
========================================================================
Received Import Request.
  Time since last request: 0.000038 seconds.
  path: Assets/TextMesh Pro/Examples & Extras/Materials/Crate - Surface Shader Scene.mat
  artifactKey: Guid(e6b9b44320f4448d9d5e0ee634259966) Importer(815301076,1909f56bfc062723c751e8b465ee728b)
Start importing Assets/TextMesh Pro/Examples & Extras/Materials/Crate - Surface Shader Scene.mat using Guid(e6b9b44320f4448d9d5e0ee634259966) Importer(815301076,1909f56bfc062723c751e8b465ee728b) [PhysX] Initialized MultithreadedTaskDispatcher with 8 workers.
[PhysX] Initialized MultithreadedTaskDispatcher with 8 workers.
 -> (artifact id: '912e2669411ed2d3f791d1192d679dbb') in 0.018626 seconds
Number of updated asset objects reloaded before import = 0
Number of asset objects unloaded after import = 4
========================================================================
Received Import Request.
  Time since last request: 0.000033 seconds.
  path: Assets/TextMesh Pro/Examples & Extras/Resources/Fonts & Materials/Bangers SDF - Drop Shadow.mat
  artifactKey: Guid(f2dcf029949142e28b974630369c8b4e) Importer(815301076,1909f56bfc062723c751e8b465ee728b)
Start importing Assets/TextMesh Pro/Examples & Extras/Resources/Fonts & Materials/Bangers SDF - Drop Shadow.mat using Guid(f2dcf029949142e28b974630369c8b4e) Importer(815301076,1909f56bfc062723c751e8b465ee728b) [PhysX] Initialized MultithreadedTaskDispatcher with 8 workers.
[PhysX] Initialized MultithreadedTaskDispatcher with 8 workers.
 -> (artifact id: '5bfb05d32c03f53d7373de4dd6f9d526') in 0.053548 seconds
Number of updated asset objects reloaded before import = 0
Number of asset objects unloaded after import = 3
========================================================================
Received Import Request.
  Time since last request: 0.000099 seconds.
  path: Assets/TextMesh Pro/Examples & Extras/Fonts/Electronic Highway Sign.TTF
  artifactKey: Guid(8a2b9e2a607dd2143b58c44bc32410b4) Importer(815301076,1909f56bfc062723c751e8b465ee728b)
Start importing Assets/TextMesh Pro/Examples & Extras/Fonts/Electronic Highway Sign.TTF using Guid(8a2b9e2a607dd2143b58c44bc32410b4) Importer(815301076,1909f56bfc062723c751e8b465ee728b) [PhysX] Initialized MultithreadedTaskDispatcher with 8 workers.
[PhysX] Initialized MultithreadedTaskDispatcher with 8 workers.
[PhysX] Initialized MultithreadedTaskDispatcher with 8 workers.
 -> (artifact id: '13ee80d4bc1372e062fd75ec3db5dedd') in 0.021214 seconds
Number of updated asset objects reloaded before import = 0
Number of asset objects unloaded after import = 5
========================================================================
Received Import Request.
  Time since last request: 0.000033 seconds.
  path: Assets/TextMesh Pro/Fonts/LiberationSans.ttf
  artifactKey: Guid(e3265ab4bf004d28a9537516768c1c75) Importer(815301076,1909f56bfc062723c751e8b465ee728b)
Start importing Assets/TextMesh Pro/Fonts/LiberationSans.ttf using Guid(e3265ab4bf004d28a9537516768c1c75) Importer(815301076,1909f56bfc062723c751e8b465ee728b) [PhysX] Initialized MultithreadedTaskDispatcher with 8 workers.
[PhysX] Initialized MultithreadedTaskDispatcher with 8 workers.
[PhysX] Initialized MultithreadedTaskDispatcher with 8 workers.
 -> (artifact id: '2901a35ed5abd1c0ed6d3ee1f794c026') in 0.019786 seconds
Number of updated asset objects reloaded before import = 0
Number of asset objects unloaded after import = 5
========================================================================
Received Import Request.
  Time since last request: 0.000056 seconds.
  path: Assets/FastMesh/Materials/GreenDark.mat
  artifactKey: Guid(3fdf6524f7daca2438e3a5d6c137f39b) Importer(815301076,1909f56bfc062723c751e8b465ee728b)
Start importing Assets/FastMesh/Materials/GreenDark.mat using Guid(3fdf6524f7daca2438e3a5d6c137f39b) Importer(815301076,1909f56bfc062723c751e8b465ee728b) [PhysX] Initialized MultithreadedTaskDispatcher with 8 workers.
[PhysX] Initialized MultithreadedTaskDispatcher with 8 workers.
 -> (artifact id: '1a152f23e0cda4708fd6d608782590dd') in 0.014652 seconds
Number of updated asset objects reloaded before import = 0
Number of asset objects unloaded after import = 2
========================================================================
Received Import Request.
  Time since last request: 0.000118 seconds.
  path: Assets/TextMesh Pro/Examples & Extras/Materials/Ground - Surface Shader Scene.mat
  artifactKey: Guid(aadd5a709a48466c887296bb5b1b8110) Importer(815301076,1909f56bfc062723c751e8b465ee728b)
Start importing Assets/TextMesh Pro/Examples & Extras/Materials/Ground - Surface Shader Scene.mat using Guid(aadd5a709a48466c887296bb5b1b8110) Importer(815301076,1909f56bfc062723c751e8b465ee728b) [PhysX] Initialized MultithreadedTaskDispatcher with 8 workers.
[PhysX] Initialized MultithreadedTaskDispatcher with 8 workers.
 -> (artifact id: 'a9ea1feac1c3cf5724336ce28aea1df5') in 0.015555 seconds
Number of updated asset objects reloaded before import = 0
Number of asset objects unloaded after import = 3
========================================================================
Received Import Request.
  Time since last request: 0.000030 seconds.
  path: Assets/FastMesh/Materials/IconSign 5.mat
  artifactKey: Guid(3a839301e0099ca47ac89678f397d10c) Importer(815301076,1909f56bfc062723c751e8b465ee728b)
Start importing Assets/FastMesh/Materials/IconSign 5.mat using Guid(3a839301e0099ca47ac89678f397d10c) Importer(815301076,1909f56bfc062723c751e8b465ee728b) [PhysX] Initialized MultithreadedTaskDispatcher with 8 workers.
[PhysX] Initialized MultithreadedTaskDispatcher with 8 workers.
 -> (artifact id: '0504960c4ecb2d44a3d0ddfdc126d6c1') in 0.016812 seconds
Number of updated asset objects reloaded before import = 0
Number of asset objects unloaded after import = 3
========================================================================
Received Import Request.
  Time since last request: 0.000030 seconds.
  path: Assets/FastMesh/Materials/IconClock.mat
  artifactKey: Guid(941776d06590cb5409df421290fb80b4) Importer(815301076,1909f56bfc062723c751e8b465ee728b)
Start importing Assets/FastMesh/Materials/IconClock.mat using Guid(941776d06590cb5409df421290fb80b4) Importer(815301076,1909f56bfc062723c751e8b465ee728b) [PhysX] Initialized MultithreadedTaskDispatcher with 8 workers.
[PhysX] Initialized MultithreadedTaskDispatcher with 8 workers.
 -> (artifact id: 'fe1784345994059a35ad863ff0399ace') in 0.015716 seconds
Number of updated asset objects reloaded before import = 0
Number of asset objects unloaded after import = 3
========================================================================
Received Import Request.
  Time since last request: 0.000037 seconds.
  path: Assets/TextMesh Pro/Examples & Extras/Fonts/Bangers.ttf
  artifactKey: Guid(5dd49b3eacc540408c98eee0de38e0f1) Importer(815301076,1909f56bfc062723c751e8b465ee728b)
Start importing Assets/TextMesh Pro/Examples & Extras/Fonts/Bangers.ttf using Guid(5dd49b3eacc540408c98eee0de38e0f1) Importer(815301076,1909f56bfc062723c751e8b465ee728b) [PhysX] Initialized MultithreadedTaskDispatcher with 8 workers.
[PhysX] Initialized MultithreadedTaskDispatcher with 8 workers.
[PhysX] Initialized MultithreadedTaskDispatcher with 8 workers.
 -> (artifact id: '5ea54d3ff161a191357fff6cd592ca2f') in 0.022036 seconds
Number of updated asset objects reloaded before import = 0
Number of asset objects unloaded after import = 5
========================================================================
Received Import Request.
  Time since last request: 0.000027 seconds.
  path: Assets/TextMesh Pro/Examples & Extras/Resources/Fonts & Materials/Bangers SDF Logo.mat
  artifactKey: Guid(f4e195ac1e204eff960149d1cb34e18c) Importer(815301076,1909f56bfc062723c751e8b465ee728b)
Start importing Assets/TextMesh Pro/Examples & Extras/Resources/Fonts & Materials/Bangers SDF Logo.mat using Guid(f4e195ac1e204eff960149d1cb34e18c) Importer(815301076,1909f56bfc062723c751e8b465ee728b) [PhysX] Initialized MultithreadedTaskDispatcher with 8 workers.
[PhysX] Initialized MultithreadedTaskDispatcher with 8 workers.
 -> (artifact id: 'cddbcddbaa7381783b54d3493257d66f') in 0.040984 seconds
Number of updated asset objects reloaded before import = 0
Number of asset objects unloaded after import = 5
========================================================================
Received Import Request.
  Time since last request: 0.000039 seconds.
  path: Assets/FastMesh/Materials/BlueDark.mat
  artifactKey: Guid(575727c43915a2647b89efb694e631f3) Importer(815301076,1909f56bfc062723c751e8b465ee728b)
Start importing Assets/FastMesh/Materials/BlueDark.mat using Guid(575727c43915a2647b89efb694e631f3) Importer(815301076,1909f56bfc062723c751e8b465ee728b) [PhysX] Initialized MultithreadedTaskDispatcher with 8 workers.
[PhysX] Initialized MultithreadedTaskDispatcher with 8 workers.
 -> (artifact id: '8f959554117f145427b07e0eb160ff49') in 0.015174 seconds
Number of updated asset objects reloaded before import = 0
Number of asset objects unloaded after import = 2
========================================================================
Received Import Request.
  Time since last request: 0.000037 seconds.
  path: Assets/TextMesh Pro/Examples & Extras/Materials/Ground - Logo Scene.mat
  artifactKey: Guid(c719e38f25a9480abd2480ab621a2949) Importer(815301076,1909f56bfc062723c751e8b465ee728b)
Start importing Assets/TextMesh Pro/Examples & Extras/Materials/Ground - Logo Scene.mat using Guid(c719e38f25a9480abd2480ab621a2949) Importer(815301076,1909f56bfc062723c751e8b465ee728b) [PhysX] Initialized MultithreadedTaskDispatcher with 8 workers.
[PhysX] Initialized MultithreadedTaskDispatcher with 8 workers.
 -> (artifact id: '84349e95a1c7cbfc0961eb2ff3007670') in 0.014786 seconds
Number of updated asset objects reloaded before import = 0
Number of asset objects unloaded after import = 3
========================================================================
Received Import Request.
  Time since last request: 0.000110 seconds.
  path: Assets/FastMesh/Materials/Beige.mat
  artifactKey: Guid(6a8833e57fa7f4e4fa60ed388bfb57e6) Importer(815301076,1909f56bfc062723c751e8b465ee728b)
Start importing Assets/FastMesh/Materials/Beige.mat using Guid(6a8833e57fa7f4e4fa60ed388bfb57e6) Importer(815301076,1909f56bfc062723c751e8b465ee728b) [PhysX] Initialized MultithreadedTaskDispatcher with 8 workers.
[PhysX] Initialized MultithreadedTaskDispatcher with 8 workers.
 -> (artifact id: '16d839479f2325624c346ca54026c9fb') in 0.013585 seconds
Number of updated asset objects reloaded before import = 0
Number of asset objects unloaded after import = 2
========================================================================
Received Import Request.
  Time since last request: 0.000035 seconds.
  path: Assets/Fries and Seagull/Interior 01/Materials/Computer Light.mat
  artifactKey: Guid(7c699751e2777ab4ca443dec3af16cbb) Importer(815301076,1909f56bfc062723c751e8b465ee728b)
Start importing Assets/Fries and Seagull/Interior 01/Materials/Computer Light.mat using Guid(7c699751e2777ab4ca443dec3af16cbb) Importer(815301076,1909f56bfc062723c751e8b465ee728b) [PhysX] Initialized MultithreadedTaskDispatcher with 8 workers.
[PhysX] Initialized MultithreadedTaskDispatcher with 8 workers.
 -> (artifact id: '6afcf5c63eb7474457413fd1ea896f1e') in 0.026692 seconds
Number of updated asset objects reloaded before import = 0
Number of asset objects unloaded after import = 2
========================================================================
Received Import Request.
  Time since last request: 0.000042 seconds.
  path: Assets/Office Pack/Models/Keyboard/Keyboard_LOD2.fbx
  artifactKey: Guid(e9d146d4eadf4e94289588bcc9e10e11) Importer(815301076,1909f56bfc062723c751e8b465ee728b)
Start importing Assets/Office Pack/Models/Keyboard/Keyboard_LOD2.fbx using Guid(e9d146d4eadf4e94289588bcc9e10e11) Importer(815301076,1909f56bfc062723c751e8b465ee728b) [PhysX] Initialized MultithreadedTaskDispatcher with 8 workers.
 -> (artifact id: '40ba542c6a64d6d0c683c6affa68d349') in 0.001174 seconds
Number of updated asset objects reloaded before import = 0
Number of asset objects unloaded after import = 0
========================================================================
Received Import Request.
  Time since last request: 0.000034 seconds.
  path: Assets/TextMesh Pro/Examples & Extras/Resources/Fonts & Materials/LiberationSans SDF - Metalic Green.mat
  artifactKey: Guid(8b29aaa3eec7468097ff07adfcf29ac9) Importer(815301076,1909f56bfc062723c751e8b465ee728b)
Start importing Assets/TextMesh Pro/Examples & Extras/Resources/Fonts & Materials/LiberationSans SDF - Metalic Green.mat using Guid(8b29aaa3eec7468097ff07adfcf29ac9) Importer(815301076,1909f56bfc062723c751e8b465ee728b) [PhysX] Initialized MultithreadedTaskDispatcher with 8 workers.
[PhysX] Initialized MultithreadedTaskDispatcher with 8 workers.
 -> (artifact id: '5dc07ca28d2b85d69b2a67f64cdee3da') in 0.066285 seconds
Number of updated asset objects reloaded before import = 0
Number of asset objects unloaded after import = 5
========================================================================
Received Import Request.
  Time since last request: 0.000027 seconds.
  path: Assets/Fries and Seagull/Interior 01/Materials/AC Light.mat
  artifactKey: Guid(ba691c825db204446a46e55b1e441928) Importer(815301076,1909f56bfc062723c751e8b465ee728b)
Start importing Assets/Fries and Seagull/Interior 01/Materials/AC Light.mat using Guid(ba691c825db204446a46e55b1e441928) Importer(815301076,1909f56bfc062723c751e8b465ee728b) [PhysX] Initialized MultithreadedTaskDispatcher with 8 workers.
[PhysX] Initialized MultithreadedTaskDispatcher with 8 workers.
 -> (artifact id: '8818cfacd77ca117deab3d1190fd07c4') in 0.023240 seconds
Number of updated asset objects reloaded before import = 0
Number of asset objects unloaded after import = 2
========================================================================
Received Import Request.
  Time since last request: 0.000037 seconds.
  path: Assets/Office Pack/Models/Laptop/Laptop/Laptop_LOD2.fbx
  artifactKey: Guid(1fea22a79bd357641afdf8be0002a977) Importer(815301076,1909f56bfc062723c751e8b465ee728b)
Start importing Assets/Office Pack/Models/Laptop/Laptop/Laptop_LOD2.fbx using Guid(1fea22a79bd357641afdf8be0002a977) Importer(815301076,1909f56bfc062723c751e8b465ee728b) [PhysX] Initialized MultithreadedTaskDispatcher with 8 workers.
 -> (artifact id: '91c1552bbef4565c70aff88e1325a5ee') in 0.000882 seconds
Number of updated asset objects reloaded before import = 0
Number of asset objects unloaded after import = 0
